Date,actual,baseline_pred,ridge_pred,rf_pred
2021-10-20,0.01685529025640848,0.010483727491045588,0.00782235725662068,0.013239315095922131
2021-10-21,0.015065372510054145,0.009879228784281135,0.007384069141488325,0.01352851280337565
2021-10-22,0.01381451011878104,0.011065813944271407,0.011361101579771778,0.013707516917702825
2021-10-25,0.014096160377493666,0.011237340051293246,0.01088820538338105,0.013929082100945006
2021-10-26,0.012969594118459288,0.01085089072480402,0.011446614092412707,0.013081559300403847
2021-10-27,0.01868339737150669,0.010769430930783024,0.010966562071377774,0.012901650644407604
2021-10-28,0.020366281698890806,0.012404062362649472,0.01418596049383505,0.015749616682188442
2021-10-29,0.0267156490961297,0.012413915806360316,0.013588392687880188,0.015485723547622052
2021-11-01,0.02698501509360905,0.012365789921901987,0.0138016920994713,0.01545905363662468
2021-11-02,0.03063363473757182,0.01163781591576213,0.01377900706248531,0.014712055819700637
2021-11-03,0.029710697580009302,0.011298686261361403,0.013343275703940012,0.014198091068415153
2021-11-04,0.025727107221890342,0.0136140908680667,0.016671024197267577,0.015887972298512073
2021-11-05,0.022545511392037768,0.014775417844000287,0.020700997989356738,0.01663186973285907
2021-11-08,0.022038385074088736,0.01604073036746018,0.02079943936183785,0.01656389107985294
2021-11-09,0.015209262509991455,0.015817185552640677,0.020903666070593827,0.016399524553509758
2021-11-10,0.013614821583416613,0.0168435025165848,0.017230447114834558,0.01634176708982263
2021-11-11,0.014768224729086255,0.018669236143558074,0.01834250037737553,0.016466456356440038
2021-11-12,0.02046152915310138,0.01852674058944588,0.01746912929240168,0.016218848662686688
2021-11-15,0.021861459071165035,0.01844181122407417,0.0203235093719578,0.01625919315339068
2021-11-16,0.026486239546929302,0.01843598140891043,0.021502067516345574,0.016344382540274083
2021-11-17,0.022688214446953344,0.018357017657891352,0.020574204541284252,0.01667840233547146
2021-11-18,0.06560096985061036,0.019192864325237275,0.02231490562938075,0.020145508528638004
2021-11-19,0.06970985316106505,0.019102796537947657,0.021804435997421615,0.017124785692318466
2021-11-22,0.06975666980678862,0.02019040494141159,0.026323525094148183,0.021282725846215586
2021-11-23,0.06510379718761333,0.020385350393187493,0.025944709096854635,0.020794319537363617
2021-11-24,0.06748574767792515,0.021013479172048172,0.023741949296888918,0.02117959132589672
2021-11-26,0.03117694654413479,0.02048053649145224,0.021890256356189342,0.018577645524603816
2021-11-29,0.03749433777626432,0.036853003508822306,0.04580707599707305,0.041930660722730766
2021-11-30,0.02463235450316127,0.03749840868658292,0.043395094184051346,0.03891590135262978
2021-12-01,0.021576843845483716,0.03871538436663638,0.052273418987284735,0.04216835560657362
2021-12-02,0.028120557055143377,0.03864639123113969,0.052755402537268355,0.07859904868365261
2021-12-03,0.0267314010428941,0.038617331066622754,0.04687121098414636,0.04136692445451148
2021-12-06,0.020750429783698923,0.03845390495224986,0.036835868750143164,0.03288892491792083
2021-12-07,0.011598685308243734,0.03953294696918953,0.033938485623477066,0.033386547882750486
2021-12-08,0.011240484753395006,0.04061243493699434,0.027340653178094056,0.028884768005319514
2021-12-09,0.011862661370439564,0.039952658077097164,0.025786035448599087,0.0264542494253609
2021-12-10,0.015519829477343235,0.039583946588407935,0.025888891754243856,0.025735545881197478
2021-12-13,0.022397396654890205,0.03971065432192939,0.028425691406791992,0.02554680001026932
2021-12-14,0.03179709066895358,0.039703337986821595,0.0310270640945607,0.024864606776252816
2021-12-15,0.03326993886495555,0.03966641653676722,0.03282541250350346,0.024998302457967195
2021-12-16,0.032575920321050604,0.039697938161542164,0.03235771465606434,0.025111390556679852
2021-12-17,0.030036014067123,0.039745996923819756,0.02959163266005419,0.02479861220569576
2021-12-20,0.013423598393522121,0.03981524723960473,0.032727974531218375,0.024847176044431783
2021-12-21,0.008456987447225091,0.03982783221900593,0.035128929578953375,0.025382753443717574
2021-12-22,0.007835415660330731,0.04109879204692949,0.0332483699813627,0.031954577242928855
2021-12-23,0.01703765309329527,0.04110735227881699,0.033028287356963476,0.03175405831917841
2021-12-27,0.01404332306486213,0.04129963541881438,0.03157372100263334,0.03185411751101111
2021-12-28,0.014791285224802572,0.026186232193937214,0.01595010367060551,0.021007233887766607
2021-12-29,0.015163544415471686,0.02572166831250197,0.013436598404454925,0.020937253713184157
2021-12-30,0.017057116696014358,0.021569220675163963,0.011608109091463908,0.020968024005202923
2021-12-31,0.010090318129730253,0.021222450508730596,0.012412771809214981,0.0187911813074851
2022-01-03,0.012759395771835855,0.02228727445574041,0.01726601204924796,0.020930085268775843
2022-01-04,0.019364133217952266,0.022194653044660707,0.016891593582195327,0.020930085268775843
2022-01-05,0.019595831009045307,0.020085498092414156,0.017439382009595304,0.017199507126456164
2022-01-06,0.020328681545547015,0.01878579591964735,0.01665872833232,0.01598577935596068
2022-01-07,0.01941567232029564,0.019149646862903623,0.01444205813745573,0.016225120846116218
2022-01-10,0.015641203082517024,0.018492185420082463,0.012838019778556569,0.015961959353629155
2022-01-11,0.011231086973413828,0.018704253457867838,0.01464424993940276,0.01598994768886861
2022-01-12,0.012569144823092883,0.019945960883456095,0.013918416578031114,0.01703487223249299
2022-01-13,0.01771427071957326,0.01978375143316584,0.013577306721446716,0.01745987497187824
2022-01-14,0.019753973102318804,0.019997425121114357,0.01405381154187103,0.01726931258832799
2022-01-18,0.02202768524046658,0.019976456648874975,0.012042701008214442,0.01726931258832799
2022-01-19,0.022539595572055884,0.018948700328947913,0.010248969328226033,0.01692068274619007
2022-01-20,0.02294454467491339,0.01541197377822722,0.007762031945299796,0.016749039534674614
2022-01-21,0.0201177088321852,0.014004979307177364,0.008252997378062813,0.016428068649440762
2022-01-24,0.014286831994712052,0.015215752854832156,0.01158471341098642,0.016832018679807426
2022-01-25,0.011621122299869995,0.01649825819315373,0.0162908656654233,0.016279069419769417
2022-01-26,0.008495240421596412,0.016699299965796534,0.017182192736865606,0.01627827552466052
2022-01-27,0.010027699016428197,0.016987583054637875,0.016607228595621484,0.01627827552466052
2022-01-28,0.011027961437998479,0.017334547132968982,0.0161255922811523,0.016233736695894445
2022-01-31,0.014780702375727504,0.017354576794592652,0.013900604456864522,0.016028391793961067
2022-02-01,0.01974712028821425,0.016006889898751313,0.011051894176374295,0.016794473401350457
2022-02-02,0.019717858476268224,0.016065396350693834,0.01286625721890453,0.016169159520670114
2022-02-03,0.016582385178780995,0.01609569287342276,0.012828046975898816,0.01600058534185127
2022-02-04,0.021381517777817643,0.016453515906940504,0.010984325962943613,0.016193102515439574
2022-02-07,0.022138378843666272,0.01653714496680694,0.010244400994079491,0.01651186391709994
2022-02-08,0.027439686278812006,0.016728855369151013,0.012391729173638835,0.01622128344885424
2022-02-09,0.027799237172007763,0.01762040629881094,0.014778447920214344,0.01630093248053298
2022-02-10,0.03082415929713346,0.016058241197418662,0.015123739449027077,0.016004448799191606
2022-02-11,0.025529592533111913,0.015796609174780134,0.017080643494013434,0.016001392359339013
2022-02-14,0.022654922546136064,0.017022367986459373,0.015870691851112756,0.01609096077695264
2022-02-15,0.015590907948664514,0.017250830047084498,0.012688396648229197,0.01619888225633148
2022-02-16,0.01343048068781229,0.0194191850830291,0.016399658008632047,0.01660209102440975
2022-02-17,0.01109624204497275,0.019395806200591503,0.015409360833485857,0.016395189252884423
2022-02-18,0.021711210129129622,0.02012420820031557,0.01989861142556248,0.017555232146157982
2022-02-22,0.03741315726964461,0.019539972502874297,0.021262166545966504,0.01689517559337254
2022-02-23,0.038626026613848626,0.018740796781604053,0.018887375375548337,0.016958612611022973
2022-02-24,0.04722141619248926,0.01807579728943103,0.017829571108522763,0.016002665275857173
2022-02-25,0.0430111742149735,0.01768345931424797,0.016836064187219106,0.016093439131231173
2022-02-28,0.04355622653799053,0.017876229744475575,0.01680952741684458,0.016030846209271837
2022-03-01,0.039440764867515105,0.0201195417544788,0.015510431437482772,0.017252300832388
2022-03-02,0.0786980010822684,0.02578548213108152,0.013971625800363804,0.023267460010079514
2022-03-03,0.07856237340084557,0.028896030235360567,0.00993507071001925,0.02342937743828805
2022-03-04,0.07052395315928553,0.030061490810311512,0.011856988251546985,0.023045161497274806
2022-03-07,0.06840223527366938,0.033016848908954725,0.007550534561004038,0.02331658308595592
2022-03-08,0.05868013375501819,0.033229230943095114,0.010940098106631739,0.023045161497274806
2022-03-09,0.03893667896846902,0.033103106341383144,0.01202696733544191,0.025523612124894055
2022-03-10,0.061880363550919235,0.04573719146367923,0.03534013279174716,0.03797491431981761
2022-03-11,0.06008482115861924,0.046380894810914834,0.03875241598470793,0.03995211969270128
2022-03-14,0.06025277575397214,0.046621364584776136,0.042580832210931716,0.038058768930981174
2022-03-15,0.04265407349959372,0.048672521400775916,0.0526589272097641,0.04136123331877277
2022-03-16,0.03525366507015728,0.05090468642964957,0.05480199285251398,0.06763973055069945
2022-03-17,0.03450053186936374,0.05031254873315447,0.045982273380678604,0.04095493648957833
2022-03-18,0.034539578925980675,0.05323282862779268,0.04584261252295833,0.04244994988327177
2022-03-21,0.03900360151157846,0.0529523437208984,0.04234173315855405,0.0397395610820848
2022-03-22,0.03876470383322838,0.054586734864321355,0.030785626368181968,0.04200278913022593
2022-03-23,0.04038428877848627,0.05466280168214972,0.023557935249117527,0.04060565099881834
2022-03-24,0.0487239923830193,0.054731409141839285,0.02292500160199584,0.039983536015188836
2022-03-25,0.04529824028446306,0.055252511515133454,0.030073465147980427,0.03867985409905834
2022-03-28,0.04528595811706886,0.054995916370867606,0.030616580029366763,0.03806004915277227
2022-03-29,0.04509526957494504,0.0574008473311762,0.04262303515488623,0.04071934591095915
2022-03-30,0.04430231241517924,0.05496988190362091,0.04541200842779212,0.040707828721676276
2022-03-31,0.03467985289089152,0.05331375906994182,0.04559971419436952,0.0449343796190835
2022-04-01,0.037381322647489286,0.055402506687460856,0.052407658663725785,0.051059833879946274
2022-04-04,0.03195456596623446,0.0524932761813397,0.050464438313662235,0.0493128124844486
2022-04-05,0.04933969351483031,0.052835473188785884,0.04431937744138619,0.05002723166445531
2022-04-06,0.04005262950278443,0.051879314926468356,0.046489329375510494,0.05088105197458497
2022-04-07,0.0388202776735621,0.04524702214273048,0.04320370268328164,0.04082034930149848
2022-04-08,0.03904276406158365,0.04503352341843237,0.03866672720374515,0.03819486674647322
2022-04-11,0.04392981530828853,0.04474142637979735,0.03851950112856357,0.035700166148728056
2022-04-12,0.034824131842073655,0.043750528361108876,0.041766362510005206,0.03338862285848335
2022-04-13,0.03069056664702812,0.043843424691593906,0.03452620194604815,0.031107477601648528
2022-04-14,0.027206514131674547,0.044272144325343175,0.027056304937346516,0.03049549300683771
2022-04-18,0.026201099753476755,0.04091871183443326,0.0247962742211662,0.030650213613216817
2022-04-19,0.025519718991970357,0.04084145172626175,0.023403660323349063,0.02842535886453819
2022-04-20,0.025570892164891435,0.03942827384085261,0.028746058160617288,0.0294490435440398
2022-04-21,0.029651747288820172,0.03945293214317207,0.031218648492699924,0.030957715421469002
2022-04-22,0.02826199026948207,0.03888363493510904,0.03415599343672071,0.024593519110965426
2022-04-25,0.017731140223662442,0.03876154078938665,0.036576876990207244,0.024854766059060097
2022-04-26,0.02125318475724033,0.03907189007188003,0.03748866823304342,0.02697267820398634
2022-04-27,0.030974507900276713,0.03681073893797803,0.031370913615125035,0.021968347317320017
2022-04-28,0.02863242560824917,0.03666967174314623,0.03137187609508263,0.021585830254254278
2022-04-29,0.02796802559234094,0.03659356901759749,0.02887757001586353,0.021719653137963767
2022-05-02,0.04306707811537949,0.03257510853988575,0.023464822958823753,0.021026050506718293
2022-05-03,0.043966884777977555,0.03244916265750003,0.020099482939130574,0.02097850121222584
2022-05-04,0.046119521347385554,0.031878169992110315,0.025430375704968925,0.021029142862373056
2022-05-05,0.046110821035574595,0.033741391965324864,0.024410187336058264,0.0211152959068639
2022-05-06,0.050010699209683346,0.03057772938668316,0.022313817132429983,0.02095900656667942
2022-05-09,0.03558989348786209,0.030566687681019163,0.01991778049874917,0.02095900656667942
2022-05-10,0.029536216649987564,0.033986127390082686,0.029001624327653547,0.023434323894644168
2022-05-11,0.028986531317383723,0.03346596946292343,0.031268863717826445,0.024696163974809976
2022-05-12,0.029759664421911462,0.0328279184505661,0.031261690841099816,0.023350981571166867
2022-05-13,0.02502097520921389,0.03189463545420912,0.03171891841454851,0.02316683230257469
2022-05-16,0.022264566094343845,0.03265298222393157,0.026987668005582804,0.023022036819612297
2022-05-17,0.021699032156364196,0.033340005096847106,0.018492410405916277,0.02214630644675258
2022-05-18,0.018515884633083117,0.030968326395230738,0.017909797746767278,0.02098143744676942
2022-05-19,0.0217372948312296,0.031682036761733964,0.022214159193735008,0.02097850121222584
2022-05-20,0.021705739185980778,0.03197984434944814,0.022782554993259013,0.02098143744676942
2022-05-23,0.015436957001482973,0.031622794893819854,0.023642591897058602,0.02095900656667942
2022-05-24,0.014001741375277708,0.031083225924077217,0.025507860525472718,0.021200858923956723
2022-05-25,0.01381882991061293,0.03054431055761806,0.025243250047121024,0.021184305518139008
2022-05-26,0.007985329408347688,0.03054514406306623,0.02412954403355303,0.02095900656667942
2022-05-27,0.009433761006072133,0.030609719334119403,0.024162743403109924,0.02095900656667942
2022-05-31,0.00785498590789978,0.030525729124427397,0.022399024299026064,0.02100655586117188
2022-06-01,0.009771579270327048,0.03058095611355852,0.019649020812543105,0.02095900656667942
2022-06-02,0.012012363763924764,0.02970302663656482,0.01788785160782868,0.02095900656667942
2022-06-03,0.012200316369518368,0.027803924744907206,0.018733213218967475,0.02095900656667942
2022-06-06,0.011758718320481656,0.027954072466073655,0.018385970085981224,0.02095900656667942
2022-06-07,0.014593032563615282,0.027918379683722353,0.018646396133790197,0.02095900656667942
2022-06-08,0.012786753730907235,0.023100241909196573,0.014231974136276538,0.020937253713184157
2022-06-09,0.019069977318278652,0.021271603370622286,0.011960001314288083,0.019114043593632238
2022-06-10,0.034491855290856674,0.0182647421741539,0.013502551509538505,0.015983822414392713
2022-06-13,0.0358449481007404,0.018519886338105244,0.014359867605252914,0.016024212466955824
2022-06-14,0.03729909940957793,0.016728727721761778,0.014012565683247893,0.015961959353629155
2022-06-15,0.0370278306797162,0.015943601889268914,0.017368129902137333,0.01604203559101364
2022-06-16,0.04048665546045545,0.01714111208772163,0.021069942423861673,0.016832309712192843
2022-06-17,0.029351609145895102,0.016398593389530224,0.019114287392307073,0.01667250058542575
2022-06-21,0.030495026463508487,0.022680615599220858,0.030634166243318904,0.026269830265097743
2022-06-22,0.023159651677016137,0.02270162599438589,0.029397672878475285,0.02841935068862849
2022-06-23,0.029090855025618916,0.02378332671980068,0.0324748352492774,0.0302203063648802
2022-06-24,0.02754881845730248,0.024058611771504763,0.033018032827655794,0.030812755932275143
2022-06-27,0.04542199410748244,0.025207374700873555,0.03017146152936632,0.025654130543829715
2022-06-28,0.04074599850327699,0.024302334813586738,0.02498987020376022,0.021857891004025066
2022-06-29,0.050886230130253625,0.024686530860765957,0.021888806104065624,0.02176268502070276
2022-06-30,0.05055742141648544,0.024956918056807796,0.01960605014428882,0.021857891004025066
2022-07-01,0.04829793550144808,0.026081360164001467,0.024835646755503676,0.02403326424028834
2022-07-05,0.04694523534608623,0.026599103128636278,0.02455394008756953,0.02403326424028834
2022-07-06,0.047218833305417984,0.03182246804667885,0.039986433191113044,0.04135601332690026
2022-07-07,0.03977657293938941,0.03179369453016789,0.039519443541991384,0.03906503783602338
2022-07-08,0.03953793088277783,0.03360841710532348,0.0375515041406904,0.03161341589778296
2022-07-11,0.04920925730802147,0.03349566382492056,0.0360315112891262,0.0316473292468688
2022-07-12,0.020911462128836596,0.03349041886222425,0.03315000096913848,0.033348304274224486
2022-07-13,0.026319012267109962,0.0374339358729497,0.037498674183882974,0.03908540792715476
2022-07-14,0.041831740805026774,0.03748920202207252,0.03812149608898044,0.035783826485668836
2022-07-15,0.04115147990528382,0.037490150584227604,0.04119959041971569,0.03622021035060719
2022-07-18,0.032339949324630524,0.03773242571851561,0.040421220403782265,0.03469636869862526
2022-07-19,0.028451265813973746,0.03949420781706551,0.03385952946298854,0.03034627525900221
2022-07-20,0.03413687837578343,0.036766305141358334,0.023503716689135545,0.02191898794076479
2022-07-21,0.02058575740931375,0.03682094132142549,0.02568572762080531,0.02403326424028834
2022-07-22,0.019854335710008855,0.03800916374244981,0.03250524635416484,0.02864435332599548
2022-07-25,0.030458322752289994,0.03799175143654833,0.03644749248416898,0.029832623074581423
2022-07-26,0.029947291991882626,0.03752324554065418,0.03702475810836275,0.02530577779706646
2022-07-27,0.03039475320752602,0.037207044283391416,0.03938977435412899,0.026269846881030783
2022-07-28,0.030470466769671415,0.037366873669601626,0.03483574273302528,0.02704235752305406
2022-07-29,0.02541843776189065,0.03728180460045006,0.030779133958326085,0.02400392189673064
2022-08-01,0.024597249141028354,0.037080014918533334,0.028059565004295194,0.023644216016238388
2022-08-02,0.02380625870640771,0.037784364553588606,0.03424915157042364,0.02565739135553228
2022-08-03,0.017192321553865988,0.03298284207852033,0.029127585021546436,0.02296670654139211
2022-08-04,0.011462822212008554,0.034039975566922,0.03412132053686223,0.024979009897885443
2022-08-05,0.020334728052855293,0.03250483122258406,0.03698168253497215,0.026819948367824663
2022-08-08,0.024154144360407886,0.032020987399185595,0.03619724322629445,0.031938711915925046
2022-08-09,0.02756772105039729,0.03261303699012878,0.03259273313307538,0.02466660044874134
2022-08-10,0.02812366314773163,0.027311734746854117,0.0274998371814744,0.026456664847118488
2022-08-11,0.02839580018880605,0.027579592890473303,0.02223757580653455,0.02249373005052973
2022-08-12,0.02718066515497168,0.028273805853519435,0.019157059988976835,0.021072778063125082
2022-08-15,0.023149156645992063,0.02834392638553897,0.022526811249448345,0.02376528404843249
2022-08-16,0.017773103704772267,0.026007710843631963,0.02613503270482035,0.024360728855002137
2022-08-17,0.01779570960378499,0.026051480522013705,0.030027450707370024,0.03170406229039741
2022-08-18,0.023408694652172074,0.026638797301176013,0.030932683097579433,0.02572076192939369
2022-08-19,0.02339959839433853,0.024674823546954633,0.027643899213948515,0.024938589954541856
2022-08-22,0.02718867503024801,0.024478715441154833,0.024377760934715255,0.021954799675072748
2022-08-23,0.037717867171311245,0.023878858533390276,0.021195186093523725,0.024138049999101963
2022-08-24,0.03710062606326005,0.02533903588458982,0.017222761271719497,0.021051025209629818
2022-08-25,0.03801293910171733,0.0248822958788747,0.018342618657399626,0.021667026543476693
2022-08-26,0.03767938204453262,0.025415655722180224,0.02145529172914654,0.021857891004025066
2022-08-29,0.024828744629291428,0.024830917126592772,0.02071728633312335,0.02415433227248244
2022-08-30,0.02539264483450339,0.02421629105131439,0.018061548558400402,0.020956748358730577
2022-08-31,0.031460485592614884,0.027493646216814594,0.028519280877438366,0.024233219465312105
2022-09-01,0.03628267319336092,0.026437713713617347,0.02820158624944745,0.02526311927630994
2022-09-02,0.036621490621273164,0.026967689881831795,0.030773981984703304,0.025202800212558493
2022-09-06,0.036776989564224934,0.026943897981034356,0.03274284760274059,0.025254914021250713
2022-09-07,0.015699922942479603,0.02650581003426327,0.03201944727497726,0.02404389790270694
2022-09-08,0.028460093037211524,0.02935191439110033,0.034759708795050547,0.026233034865707383
2022-09-09,0.021067356787416298,0.029498482277213856,0.031425484074585966,0.026128652336183694
2022-09-12,0.020396712992334642,0.030288149608839427,0.029426742587314186,0.028281613934589854
2022-09-13,0.02092494767377732,0.030095500387626144,0.02809542672962487,0.023964463451988216
2022-09-14,0.0179263991299905,0.029426318733580925,0.023722789511858897,0.023767520345700687
2022-09-15,0.011992027441379638,0.028618054617324345,0.01752971381282314,0.02097850121222584
2022-09-16,0.02678116859688108,0.029660299386394206,0.025514642495726443,0.021840373783089277
2022-09-19,0.023648588308032775,0.028901397735607126,0.02711784837941228,0.023723091041108493
2022-09-20,0.03141256625987786,0.02896431200489996,0.027397916445294067,0.02386906648111737
2022-09-21,0.041037432638527056,0.029086462460326094,0.028347244929676347,0.023812101149233447
2022-09-22,0.0408874726384076,0.02754277830084111,0.02922745735928193,0.024777349283521394
2022-09-23,0.031054616167252504,0.02737515445167981,0.026808221747978096,0.024003272337981912
2022-09-26,0.032707253586340745,0.029512309873835605,0.03447980339807493,0.03376250002167581
2022-09-27,0.03354317354346079,0.029585561538231053,0.035997054516915095,0.03524786511597641
2022-09-28,0.03023796965314897,0.02815391087301693,0.03464960431376339,0.0325868612767846
2022-09-29,0.027451760006831746,0.028586431862111118,0.030376627149818734,0.02816258138471008
2022-09-30,0.0190433449879725,0.02832443382561688,0.02869921429086244,0.03022223686475088
2022-10-03,0.024264321856153116,0.027820108074256056,0.024298595639449246,0.024129617712160115
2022-10-04,0.026730166175753075,0.030409167947009878,0.021304265371041985,0.022115489434568824
2022-10-05,0.029202886097352096,0.03145186908949546,0.02208696077774271,0.021155917833474477
2022-10-06,0.03074272074408761,0.02841064126832829,0.01890064961498546,0.02098143744676942
2022-10-07,0.022412399344122046,0.028187182527510655,0.015516379780952671,0.02097850121222584
2022-10-10,0.02325178034193917,0.028774726253758875,0.012791212216853077,0.02097850121222584
2022-10-11,0.024655207360835887,0.02903332820736333,0.019040673943317037,0.02097850121222584
2022-10-12,0.031627374940128634,0.029397009436108432,0.022748880499245998,0.02097850121222584
2022-10-13,0.029216845241279855,0.029748335972695973,0.02609135485666259,0.02110517267727412
2022-10-14,0.023314719853054857,0.028687110157535188,0.025668511530071485,0.02104990413511286
2022-10-17,0.023394040710708323,0.030214925726195222,0.031523162438900035,0.021950909693561515
2022-10-18,0.01676988568288069,0.03017275109966769,0.029856795337827216,0.022043292419318482
2022-10-19,0.015781232227831208,0.03081125916148206,0.03138721660120948,0.02288152937469452
2022-10-20,0.016148075663551746,0.031401152910955056,0.029172578589871094,0.021148153554917632
2022-10-21,0.01685399714232861,0.031389644621188796,0.028755453489233574,0.021305558894975714
2022-10-24,0.01914193176317883,0.02824154774514988,0.023285148522252316,0.02099140118082846
2022-10-25,0.02055289237096501,0.027456002902648654,0.02147908410918919,0.021055915237727107
2022-10-26,0.017788812107933566,0.02714146771327149,0.020227996977621135,0.020937253713184157
2022-10-27,0.02001439180933822,0.026099696726909417,0.02007266703879938,0.020937253713184157
2022-10-28,0.028785629840567765,0.02595011996882792,0.017649328136361195,0.020937253713184157
2022-10-31,0.02736425888514457,0.02557087001095765,0.017497042132589003,0.020937253713184157
2022-11-01,0.03262585939691343,0.023553051372616415,0.01852600395879408,0.020956748358730577
2022-11-02,0.0343657367357601,0.02278556434374951,0.019590584847543915,0.020956748358730577
2022-11-03,0.034392999106864476,0.022926229014169082,0.019836272677165975,0.020956748358730577
2022-11-04,0.02681466809919816,0.02337178359441404,0.021753323020143232,0.021006107735285804
2022-11-07,0.029500919226136624,0.023676196896541213,0.018154245022579906,0.020986838904321924
2022-11-08,0.02915106398428695,0.023460054003291257,0.018798283364938634,0.020956748358730577
2022-11-09,0.0249741438806341,0.024154805985175207,0.02330788337734386,0.021098825017019297
2022-11-10,0.03167387418613058,0.024879911350265144,0.026507847658421957,0.023253153752348335
2022-11-11,0.022517820724605602,0.024440751118551467,0.02725357092774497,0.023260964481650492
2022-11-14,0.021843627116648584,0.02353228242788428,0.025228038814086678,0.022286590971344472
2022-11-15,0.022801378649166343,0.024964004707676693,0.02783214049410216,0.022091519740405668
2022-11-16,0.025184515107327683,0.023938867114314567,0.022392202716345344,0.021219703341170272
2022-11-17,0.019993805406681907,0.02315963959712135,0.02220657441606123,0.020956748358730577
2022-11-18,0.02260943274711199,0.025406402175570667,0.0303272622714948,0.02378581028248048
2022-11-21,0.02430954255247359,0.02561971821157258,0.030410252708354752,0.02753624950396186
2022-11-22,0.02774913319333495,0.025614995900844064,0.029982831919733156,0.024743580694183923
2022-11-23,0.018560025854325948,0.025810333230816412,0.029283251139112502,0.023689712604250297
2022-11-25,0.016142046694576914,0.02576467187479957,0.031244262553297916,0.025711891738742155
2022-11-28,0.026660024059446872,0.025569872846729087,0.02974388756351118,0.026107777229040938
2022-11-29,0.029213258725990107,0.025923592541684085,0.027807576583878904,0.024443560061605404
2022-11-30,0.019368715945949577,0.026155246370283228,0.02801606461653364,0.024156299566825776
2022-12-01,0.013461270923117141,0.02667032028511127,0.02522911773440402,0.024138049999101963
2022-12-02,0.015659505969409414,0.02630968031794458,0.020435945714163378,0.02368219741638404
2022-12-05,0.02588357525202701,0.026175606861651282,0.020393390040680345,0.023939734111262184
2022-12-06,0.02632346186760888,0.023919472840238334,0.025720530474233175,0.03052780068683082
2022-12-07,0.01933343281125761,0.02462434351997833,0.031476911787596616,0.03158260759299799
2022-12-08,0.021632961832209727,0.02456919966653438,0.03414778309219804,0.02962580448537417
2022-12-09,0.02650084525778924,0.023873165837901878,0.03366942768121221,0.029270740965498004
2022-12-12,0.02409179833235737,0.023567423253954563,0.033033476855601866,0.029001461097965295
2022-12-13,0.020622280363673712,0.02369177385151901,0.02920850926670507,0.03154200316484455
2022-12-14,0.021701488886855597,0.024462953635937756,0.02390828719440495,0.024428044985913545
2022-12-15,0.02077091833376737,0.02512265309887135,0.0191247113474134,0.02371883883511794
2022-12-16,0.015492547609379558,0.025119396895599253,0.019044350139189377,0.02371883883511794
2022-12-19,0.016769168786038933,0.023604190441183972,0.02033501990931982,0.02403326424028834
2022-12-20,0.018645513402456154,0.023625710248584546,0.02154310487336827,0.024095174502752253
2022-12-21,0.015021834669420253,0.023860358323846916,0.022926148260159037,0.021857891004025066
2022-12-22,0.01658754601161766,0.024550916232002108,0.021831875740656273,0.021818620929594013
2022-12-23,0.023569051814637854,0.023142589745004966,0.01931237504911707,0.02100429765322303
2022-12-27,0.031177631574784065,0.023306389543681322,0.0155402104012161,0.020956748358730577
2022-12-28,0.033716644170321455,0.02318147587035063,0.01696491104004426,0.020956748358730577
2022-12-29,0.03434792805666029,0.023110035847447287,0.01917794129738209,0.020956748358730577
2022-12-30,0.031570774459689484,0.02211152876000824,0.019852007742264345,0.021644167855515543
2023-01-03,0.0281892100297392,0.022711196174764862,0.01911605898299451,0.021051025209629818
2023-01-04,0.010823245334977666,0.02437712366591057,0.025775823901112833,0.02211607010883583
2023-01-05,0.01081343147266805,0.02584345922412266,0.03078837590925347,0.02502290153206288
2023-01-06,0.008998932379015286,0.02482258397040518,0.029219112611937458,0.022887419206593734
2023-01-09,0.010427381375158725,0.023780186762293164,0.029099120523546303,0.024618476980449132
2023-01-10,0.014675271863120714,0.023791812448804465,0.027291922123355447,0.022410732589833948
2023-01-11,0.010431623485748989,0.02372688102704322,0.021797587296442624,0.021242933311743997
2023-01-12,0.010377090182496902,0.02373921718173797,0.015547538807534622,0.020956748358730577
2023-01-13,0.008254042067937235,0.023004442698882018,0.015007404266015146,0.020956748358730577
2023-01-17,0.01314282403140206,0.022721634092471618,0.013873930184706562,0.020956748358730577
2023-01-18,0.01224839657459465,0.02237323778258909,0.013077447621017894,0.020949579914322267
2023-01-19,0.012254808392352923,0.021654518788116077,0.014566359607483956,0.02099239105876499
2023-01-20,0.012844426544891182,0.021627203456308555,0.015900399037471643,0.02101188570431141
2023-01-23,0.014165669621461088,0.02163201508501629,0.016391111022441264,0.02099239105876499
2023-01-24,0.015821920305627877,0.020807852841326867,0.016810573906581756,0.01765945328706958
2023-01-25,0.01999307542819822,0.021139833228940946,0.018530242767119898,0.018163792578172612
2023-01-26,0.01683891813537199,0.02032554030378632,0.018665155913456962,0.017437916379355947
2023-01-27,0.019215687343013224,0.02045395346348215,0.01889370041629319,0.017437916379355947
2023-01-30,0.021890225809347536,0.020754322608910417,0.021150643940731947,0.01764080389170276
2023-01-31,0.030693813040835963,0.021331887452451924,0.02255896989855448,0.020636581438166445
2023-02-01,0.027447285882647377,0.02082013529984224,0.02115516938300873,0.017913528808198652
2023-02-02,0.027264874811743035,0.019811546748506544,0.02405340990332124,0.01753184710377596
2023-02-03,0.016542012849805082,0.015286892935355964,0.02065054499713735,0.016484894555776956
2023-02-06,0.01711707732064128,0.01702603596691163,0.023672951736066525,0.016927200402145993
2023-02-07,0.014605484409149803,0.017169391784765734,0.0225982808163408,0.01689858448692714
2023-02-08,0.013388719443067269,0.0192199196775568,0.021509399454760672,0.016713708019271675
2023-02-09,0.013092363833815667,0.019503884385478377,0.018095881469690076,0.01654579300159603
2023-02-10,0.012697420560263926,0.018417673867743678,0.01588768683888992,0.01628536487410281
2023-02-13,0.010946408642675426,0.018804927138077892,0.011880411297599027,0.016008449434211976
2023-02-14,0.014038958653216737,0.018374555188157584,0.014021195422448672,0.015994051359155464
2023-02-15,0.020445433532292296,0.01860062275006431,0.01677777270418725,0.016026129598116726
2023-02-16,0.022411844446115246,0.018547091156961414,0.01773112675247158,0.01603865458693008
2023-02-17,0.01904467086243519,0.01835877948455723,0.018418713665478387,0.01602667782978913
2023-02-21,0.02094741177690115,0.01899607334457547,0.02303943867415883,0.018469508038194218
2023-02-22,0.011142473259901574,0.018927098057807526,0.023132101092294837,0.01920157445894434
2023-02-23,0.0098425275452546,0.019536422042505733,0.025359393991673418,0.020552296322820608
2023-02-24,0.011150301970355046,0.020207212562045943,0.024306910884528233,0.019239038171619944
2023-02-27,0.0059648728838070765,0.020267035431850967,0.023246457776553806,0.019917047071036142
2023-02-28,0.021736544358299883,0.020060929324613692,0.02133622638565375,0.018133762845065685
2023-03-01,0.022008926620147442,0.01997950931925831,0.01795250777104651,0.01709582409091883
2023-03-02,0.021724764451288552,0.019860536147038005,0.01588924973184023,0.016624222263480155
2023-03-03,0.01988859150929752,0.01851371005967215,0.015085998470704277,0.015973936110770103
2023-03-06,0.018261733240369244,0.018836077969696472,0.013460845165032612,0.01598577935596068
2023-03-07,0.021879345247855713,0.01688856589826524,0.010905631606169116,0.015961959353629155
2023-03-08,0.02690709279663577,0.01915425671018502,0.01771039646524132,0.016608019843995733
2023-03-09,0.03131032595379087,0.01718347664098402,0.019442939418784094,0.016405219962663448
2023-03-10,0.025361882327864457,0.01687177902013765,0.022144866495310323,0.016922101629637608
2023-03-13,0.031489871054593964,0.01714870946736642,0.022162488522379974,0.016708065745662064
2023-03-14,0.03233489279535394,0.01712781004763202,0.023923488733130664,0.018256992299530116
2023-03-15,0.01952597210761092,0.019638010458134982,0.02742276889673225,0.021354477430869486
2023-03-16,0.02195341736856905,0.02232104785736796,0.03313124723377084,0.034149529146985345
2023-03-17,0.017988909173747555,0.022709490311480042,0.033647653361680574,0.02703670868631095
2023-03-20,0.026473127668735053,0.02297003718675104,0.035442789734149285,0.030406185838650547
2023-03-21,0.026065894113102266,0.02295961513996256,0.030862719984327353,0.0263701181846145
2023-03-22,0.025742183405247976,0.023962454001214967,0.025695479278209563,0.02499080054510632
2023-03-23,0.023727340142234907,0.023948176795588347,0.019561038388389927,0.021857891004025066
2023-03-24,0.02019603240303553,0.023521893009482653,0.020471979531689766,0.023691765310730847
2023-03-27,0.024647300111378497,0.023250804064540005,0.019669330019486952,0.023939734111262184
2023-03-28,0.02491514735136033,0.026253246415619682,0.019409455097272668,0.021923282775776105
2023-03-29,0.024492119410383536,0.025900064277005884,0.020985611165539292,0.022847106303088404
2023-03-30,0.02592311322732303,0.025774200462926906,0.021686060892825106,0.024095174502752253
2023-03-31,0.0287946669908385,0.026177087468371062,0.01872726515178645,0.021857891004025066
2023-04-03,0.012391513211138292,0.026096076694350056,0.019077816488241625,0.022704839456408464
2023-04-04,0.014884502666786266,0.029632857419788817,0.018748933928509633,0.021135492104617445
2023-04-05,0.01719376689240384,0.028368004679132922,0.016814015347049176,0.02097850121222584
2023-04-06,0.017127788179660965,0.02819234443116209,0.015838627088629334,0.02097850121222584
2023-04-10,0.019500113136898953,0.027979069001244757,0.017105675383950213,0.02097850121222584
2023-04-11,0.01621400490618405,0.028083080522035744,0.022587651518891295,0.02097850121222584
2023-04-12,0.011893285162217616,0.02768869874794938,0.02065360504981737,0.02095900656667942
2023-04-13,0.013450795267539003,0.025054080596696237,0.01711434312520263,0.020937253713184157
2023-04-14,0.014443150987160595,0.021189399872587656,0.015388782502163318,0.018861496646627163
2023-04-17,0.016382779912451052,0.02122098922373235,0.014460037531933444,0.018845485068528657
2023-04-18,0.01744748853087228,0.020971795053301177,0.016963184039832085,0.01851775428463576
2023-04-19,0.020999771832214117,0.02104906895958068,0.017997054579083887,0.018606881708118476
2023-04-20,0.021283214009000018,0.02173414037730114,0.02083491396468394,0.02172115254015117
2023-04-21,0.025732345266618502,0.0224216669263534,0.02342357844787552,0.021902493750111517
2023-04-24,0.02476206731662524,0.022038575666884747,0.02205598355836833,0.021870449109460174
2023-04-25,0.03238645049746572,0.021769016588699747,0.02079701342607118,0.021200541635517937
2023-04-26,0.03370993747094594,0.02005294031647072,0.021789741690678748,0.017994994316573518
2023-04-27,0.03272185920075233,0.02188735616171171,0.023960566847360518,0.02196953769015039
2023-04-28,0.03731920384394925,0.021899314158035102,0.023173720676960746,0.021191432271599565
2023-05-01,0.04136379424020221,0.02229017654409791,0.023051047531744518,0.020998939290877486
2023-05-02,0.031687190178511425,0.022250572181966233,0.024201955484612035,0.02212547852990012
2023-05-03,0.0217272850383491,0.020500879913957337,0.026846310228913744,0.022942910735070602
2023-05-04,0.026709707609099666,0.0220293489066401,0.03042784011703565,0.03137876926653992
2023-05-05,0.01977692772367849,0.022040639623947502,0.03287664297541308,0.030208700097158755
2023-05-08,0.016323655215216445,0.024451390308308413,0.032695932531545985,0.03273486755177745
2023-05-09,0.014770949713001176,0.025381313494288644,0.028038996238100453,0.029056472939617214
2023-05-10,0.0205282745232313,0.024778779262153716,0.021350435986768404,0.024430226247124858
2023-05-11,0.017848729502699702,0.024098974336758363,0.019639422102169048,0.0238866267045604
2023-05-12,0.01659599964517526,0.02435100233830626,0.023788103506524928,0.024932513391163313
2023-05-15,0.015573724471377037,0.02420777157031919,0.0266345268808811,0.025183569241351286
2023-05-16,0.015705054496769986,0.02455888393396834,0.026181816157055667,0.02405451183755546
2023-05-17,0.01313726188413814,0.024517736384283364,0.026266156025566534,0.024080739541313942
2023-05-18,0.021062212694974138,0.025387331380235245,0.023283999364628247,0.02425830220924779
2023-05-19,0.021463546328533156,0.025064187817959074,0.02242074908103415,0.023644216016238388
2023-05-22,0.03015968787670595,0.02492719835702262,0.02219758479702441,0.023644216016238388
2023-05-23,0.02825952465543056,0.02478189231751485,0.022262437337708083,0.023644216016238388
2023-05-24,0.031262377477155524,0.024718846840698736,0.021523554786489617,0.023383656985126268
2023-05-25,0.0314399273205993,0.023842482100549584,0.019007952943277857,0.020956748358730577
2023-05-26,0.030988629608794182,0.02498686015579124,0.022666401587055546,0.021857891004025066
2023-05-30,0.020213443760044372,0.024295833561321804,0.02188731033423841,0.023383656985126268
2023-05-31,0.013856190306795961,0.02598216340529227,0.02847588759442597,0.024261236284353494
2023-06-01,0.015495018439574864,0.023516870250554392,0.02925605861397311,0.02357939984217044
2023-06-02,0.01260045970243163,0.022427544553072262,0.02562709940509994,0.022525463501810332
2023-06-05,0.020192109324536564,0.022955297500682866,0.02319207756796282,0.02105679799818058
2023-06-06,0.02984098424429831,0.02122679419688746,0.020792365345735118,0.018590123142880045
2023-06-07,0.028303704480186213,0.020450166184205525,0.01696217065991522,0.017550196174424913
2023-06-08,0.0345229248063509,0.020540091216807364,0.015734990041731383,0.01745897693294604
2023-06-09,0.0342670720669672,0.02060089374860106,0.01888027158712462,0.017600985374382826
2023-06-12,0.025816854143495174,0.020221895948714798,0.020915224198295182,0.017517371451804223
2023-06-13,0.02467445367707498,0.022384025652910672,0.026235051308092335,0.02268013003084365
2023-06-14,0.03272753507565143,0.023493484065013934,0.026050180728714678,0.021947636528377456
2023-06-15,0.028026833985434103,0.023745553125404186,0.028319328827396628,0.022815866856274455
2023-06-16,0.026171471940935356,0.024201365002312635,0.024915464713116484,0.023947887773879243
2023-06-20,0.026993661600180838,0.024345640506384176,0.02085844990926933,0.02210051617664674
2023-06-21,0.026562354415531474,0.024661595242203165,0.02016291868595981,0.021051025209629818
2023-06-22,0.01855107222680865,0.025476609384343155,0.01899079005944022,0.020956748358730577
2023-06-23,0.018639673271015726,0.02701692418932663,0.02507002797126736,0.021977351609098396
2023-06-26,0.02005920761648598,0.026526832088314547,0.026825964053360372,0.024074834689648387
2023-06-27,0.016830719455145617,0.02554601866092777,0.025637487755238608,0.022076800034404778
2023-06-28,0.01488099028037431,0.02582105824099295,0.029394568045778197,0.025165440439796495
2023-06-29,0.01766567575759731,0.024721852557272737,0.024745119292286115,0.02191875931113737
2023-06-30,0.020440371783647073,0.024280260048261018,0.0216076987403822,0.020956748358730577
2023-07-03,0.018616612508534875,0.023517055592913446,0.02006804076202,0.020956748358730577
2023-07-05,0.01683097007795013,0.023038540931359538,0.020138897550768423,0.021735071249681836
2023-07-06,0.015768744016276735,0.023937715864989287,0.018268749858545034,0.020956748358730577
2023-07-07,0.018827671625146092,0.023903345982199554,0.018660227838308723,0.020956748358730577
2023-07-10,0.020022325599499066,0.024623224956746174,0.017768813394950667,0.020956748358730577
2023-07-11,0.01910073276395384,0.024442778682868423,0.01873318347780573,0.020956748358730577
2023-07-12,0.018454835732658718,0.024646635252903164,0.016107940949218767,0.020956748358730577
2023-07-13,0.016612959004035328,0.02199447515213113,0.01467040291124992,0.020930085268775843
2023-07-14,0.01618650749368154,0.021136857397510218,0.01389684407238471,0.018100355996756988
2023-07-17,0.01215900969680178,0.02128548503995178,0.016349606997952196,0.01863218071172265
2023-07-18,0.011004118715534918,0.020683689955882163,0.01820213423762592,0.01751166028345803
2023-07-19,0.012982951512708228,0.02089177007723394,0.01905536079063689,0.017706724684229406
2023-07-20,0.012963030926586079,0.02041762754816299,0.019919082394049114,0.017476644371446776
2023-07-21,0.012384839265394834,0.019550680342581502,0.019333858919083693,0.016703905149325203
2023-07-24,0.011020080431211119,0.01680217703822446,0.013626120569747541,0.015961959353629155
2023-07-25,0.01208810302588313,0.01699768671590664,0.011739265344662,0.015983822414392713
2023-07-26,0.01653089140494508,0.017008969489834925,0.01099129002132892,0.015983822414392713
2023-07-27,0.018884716064846128,0.015928705659427687,0.010720028952783935,0.01655229621362178
2023-07-28,0.01964076045367712,0.015412474750730744,0.0099178619328174,0.016069421892950714
2023-07-31,0.019881656293568018,0.015400870573910954,0.011253906916021518,0.016046577343484626
2023-08-01,0.020149826208055093,0.015478831201344757,0.011629032344972721,0.016182208951367565
2023-08-02,0.013632384352190462,0.015097792544714054,0.011454663118235765,0.016607165377452125
2023-08-03,0.01670782153201128,0.01579197320312175,0.014862474777327574,0.016211364062919346
2023-08-04,0.015341610687017313,0.0163856340843855,0.014538931700079482,0.01605025485472462
2023-08-07,0.014908702245520041,0.01571978745659042,0.014660941334704181,0.016004448799191606
2023-08-08,0.015749180641400774,0.015653161529037934,0.01528865207377803,0.01607333565483429
2023-08-09,0.0105026085060194,0.015076841795616197,0.012825703061705497,0.015835083329284606
2023-08-10,0.014305867423931572,0.015260724672236364,0.011288630894690722,0.0157686508889527
2023-08-11,0.01563651523962157,0.016005794412101492,0.015340007424558919,0.016033421674311932
2023-08-14,0.015561262528106322,0.01506130662720247,0.0140885619995214,0.015809356811180716
2023-08-15,0.013487139988258366,0.014507875343342306,0.014211285534150343,0.01573784212123616
2023-08-16,0.012899840192357372,0.0149314243985018,0.017486461258898044,0.015981746021814226
2023-08-17,0.010735830667822561,0.015726455875116195,0.019667979746823147,0.01672883248616033
2023-08-18,0.010470739539990644,0.015885550242940007,0.018691294141614596,0.016316060084117786
2023-08-21,0.010693446702783627,0.01555795295369415,0.017982387516562857,0.016111126032074326
2023-08-22,0.01225659244378027,0.015027810817221238,0.017544852553612707,0.015899483430568174
2023-08-23,0.004608490393124311,0.01488983019118796,0.0160953070371292,0.015795623346988755
2023-08-24,0.008146561255697708,0.01528240344270107,0.01693095121283806,0.015872670121106637
2023-08-25,0.009499258722796809,0.014798944042005794,0.01787495321850649,0.01585540144063005
2023-08-28,0.007621775179090437,0.014911210833245292,0.01755712426801631,0.01586842358887942
2023-08-29,0.008056485514172105,0.014495834884270293,0.0166947043887867,0.0157842905719794
2023-08-30,0.012810533117919746,0.01479550382666737,0.014723280082186818,0.015759719710472242
2023-08-31,0.011036764556164787,0.013786353965209858,0.011946364374834938,0.01546157610595075
2023-09-01,0.008783504618046035,0.013661473961438027,0.010938541877402412,0.015465248116406533
2023-09-05,0.010052520234286015,0.014145187380294555,0.009943600428762984,0.015539635799701104
2023-09-06,0.010213672982280615,0.014061103807391308,0.008638221434629079,0.015524216942249553
2023-09-07,0.010531632742902832,0.013996654273580014,0.008328280258967456,0.015524216942249553
2023-09-08,0.010536358205419252,0.01371449133897156,0.010891027022419071,0.015497678641249067
2023-09-11,0.009032686627735325,0.012896965979973262,0.011248347039893072,0.015471637970414263
2023-09-12,0.00905695866866021,0.01294269968463666,0.012894309811097454,0.01548191997217653
2023-09-13,0.010929857788029096,0.013114315616761796,0.012487402341275622,0.015459492405473216
2023-09-14,0.008118377508063863,0.01216771730760124,0.012044118726810738,0.015375365345046726
2023-09-15,0.007608291143958032,0.011076886076037483,0.009489491512973009,0.01351516682116354
2023-09-18,0.0054869131818954895,0.010979066414371692,0.009312715170520366,0.01349533984904196
2023-09-19,0.0076857101544468235,0.010935054169653116,0.00882664142913343,0.013408682819175906
2023-09-20,0.016986777791279183,0.01075233059124558,0.009374953495753149,0.012946007241023199
2023-09-21,0.020747103317261012,0.011108258511311567,0.010821817833106652,0.013613017685561337
2023-09-22,0.021764197870546,0.010064970110699858,0.011576388043481668,0.012144048137365146
2023-09-25,0.024271162438483658,0.010024242682710054,0.01182837614328908,0.012345494752432263
2023-09-26,0.02398220885567686,0.010251957576344506,0.01276335606960447,0.012560242754570542
2023-09-27,0.02306777413322718,0.010245033040359069,0.011572570743189016,0.012225807905087609
2023-09-28,0.023079423043202672,0.012141312691110528,0.010373729893260927,0.015567966027478642
2023-09-29,0.025980220150634722,0.013708233956604384,0.013042438341575585,0.015723425574784004
2023-10-02,0.037306401176836236,0.013429328742127497,0.013817542666219148,0.015733516456754016
2023-10-03,0.036900657038322286,0.013878523462390272,0.016981819539923088,0.0160339627904295
2023-10-04,0.028400069855646096,0.013638735737205638,0.0185268005788588,0.015843541285208828
2023-10-05,0.02623557664985582,0.018841631291145054,0.027446738881653828,0.017320811824937058
2023-10-06,0.03609204723455887,0.019387618922512194,0.02828940906243676,0.018075057854536926
2023-10-09,0.03243228658392313,0.019349015731443597,0.027731580618351105,0.018025826217621898
2023-10-10,0.03230360166832701,0.021833210445661284,0.026357568548411474,0.02700969882582149
2023-10-11,0.02764725219037431,0.021424905148150965,0.02482287284171505,0.028259761874263368
2023-10-12,0.025764625121917663,0.02229952202406166,0.021990742049743835,0.025141413727441705
2023-10-13,0.012834416468945528,0.021739429522330586,0.021769379326446032,0.024029471459264595
2023-10-16,0.021861860193746738,0.025513280996432842,0.02254388876360397,0.023553851620144905
2023-10-17,0.023138307088452777,0.0255050159459449,0.025241914349989354,0.02317777111768805
2023-10-18,0.023289246253446513,0.02551195452894452,0.022269196595824693,0.02275937074348315
2023-10-19,0.021830286897613408,0.025884191314775384,0.019125448392276874,0.021614912734784476
2023-10-20,0.029022077063456664,0.025996929303209716,0.019999796135054457,0.020956748358730577
2023-10-23,0.029301045108136674,0.026015959069726174,0.021369903331030112,0.021051025209629818
2023-10-24,0.028832604442345613,0.027281127236659725,0.02499344021624823,0.021929003234075557
2023-10-25,0.025005020418178717,0.027461954373196415,0.027764379384604815,0.024238805404263503
2023-10-26,0.028036367946653484,0.0264518734646116,0.02840378183373169,0.024238805404263503
2023-10-27,0.023643548319974752,0.026623776521489846,0.031391666281845275,0.024893458800852017
2023-10-30,0.018954104417786978,0.02755312742721605,0.027383636532369894,0.026149707395506705
2023-10-31,0.026136320759876215,0.028388625499978143,0.028723886212337686,0.024238805404263503
2023-11-01,0.027194898178167674,0.028436982127790895,0.029758660679373876,0.024770708224035
2023-11-02,0.021147650114834056,0.025585233875964855,0.027843844680114235,0.02283137151011557
2023-11-03,0.025749713044707283,0.025784163108945907,0.025774665942297357,0.021006107735285804
2023-11-06,0.02732211202661944,0.026289617474096597,0.0271579656287352,0.022693047101931228
2023-11-07,0.017775482805292623,0.024238149338387922,0.02341171496832266,0.023661180778644573
2023-11-08,0.015341708023821753,0.02586266829570432,0.028549694942730235,0.024799198014007824
2023-11-09,0.02833011587303928,0.025744089002332604,0.03052577578981639,0.025185442219766378
2023-11-10,0.034323592199271086,0.02584682117211112,0.03076146469956097,0.024605957763812733
2023-11-13,0.03554512986025239,0.022353100886433705,0.027634442012553797,0.02497123051169565
2023-11-14,0.035584649986580695,0.022766016060595782,0.025199228549481808,0.02453939099880266
2023-11-15,0.034331402409518104,0.022766016060595782,0.020844329148553182,0.023729746710876496
2023-11-16,0.02427259991195868,0.022280067165932158,0.021561779053157728,0.024085381562511055
2023-11-17,0.016112231824468835,0.023785116772328627,0.02883805909106816,0.036750405123242805
2023-11-20,0.015423122576935261,0.026323468105243955,0.02938600431831058,0.02978096693204318
2023-11-21,0.018354771358972195,0.02617543910719976,0.027711942573184923,0.02737073991027415
2023-11-22,0.021441626003813653,0.025945535282917397,0.025721699707007564,0.0267754048400239
2023-11-24,0.02248964614255881,0.025377580654134604,0.02344342862361316,0.025939266116272553
2023-11-27,0.022877635472224527,0.025172368962489637,0.02293088236752678,0.02456516706005984
2023-11-28,0.017941253185207885,0.023991993579921905,0.02545632244968422,0.023903591466966592
2023-11-29,0.012272116632955164,0.023494448762415753,0.023999007291739156,0.023661180778644573
2023-11-30,0.015723415527309256,0.023829579029059314,0.02226781345046768,0.021857891004025066
2023-12-01,0.024670207099293764,0.024347071801008206,0.02300290360424768,0.02431780155405596
2023-12-04,0.0246581923601176,0.023919870012687094,0.024911679534739717,0.024088210402840184
2023-12-05,0.02912708688080489,0.02361534834654847,0.026187239429030583,0.0244906390049284
2023-12-06,0.024395814649507228,0.023548429021877326,0.028373170107685624,0.02463170616557891
2023-12-07,0.02772050567813546,0.023371898769655498,0.030452240117973525,0.02552395175792539
2023-12-08,0.025276032962625247,0.022844786969094647,0.028072575203647684,0.02472398791944172
2023-12-11,0.02604445815522412,0.023802191478086425,0.026496986743011666,0.024300715666727413
2023-12-12,0.011345876107897699,0.023276138694178636,0.02565784719099894,0.024174702703953325
2023-12-13,0.011425056455895843,0.024107841230973214,0.027664955857016324,0.025128897066969764
2023-12-14,0.008942017247532985,0.024445332984972458,0.023882888809586493,0.024175976223153484
2023-12-15,0.009546709255986167,0.025440488570652797,0.02350425510773095,0.02403326424028834
2023-12-18,0.013267737532901667,0.022926228453004457,0.022322806797289676,0.021475373940959327
2023-12-19,0.01762346278195033,0.02114394187336289,0.019083670705112243,0.01882969634588159
2023-12-20,0.022086503622225983,0.02068442006765009,0.014845727584697734,0.018688149356084892
2023-12-21,0.022192414659863813,0.02087372211842409,0.016025179447928393,0.018262509210974557
2023-12-22,0.02274181835085112,0.020827930745902643,0.017284949448693812,0.018247425025849414
2023-12-26,0.0249231419158819,0.020390404248907874,0.017192147550573415,0.01771765405505967
2023-12-27,0.02406049517199113,0.021244673961188686,0.016465916270004915,0.01828595503273786
2023-12-28,0.020972912412822415,0.021143287618451943,0.02050538646361467,0.018566190549042287
2023-12-29,0.030216643767440186,0.021624494823708894,0.02444171183862282,0.023789996452566554
2024-01-02,0.030205400325684653,0.021074129140271253,0.02346990355224359,0.02006446738154019
2024-01-03,0.0265156493374704,0.020727920295578035,0.025995388595687216,0.01928104240422778
2024-01-04,0.02698159197060657,0.021943136843599307,0.02438799061903498,0.021229088302579677
2024-01-05,0.024780228940548574,0.021885911719334673,0.02269217180506849,0.021276637597072132
2024-01-08,0.012708980408532702,0.020104419022659626,0.016646057246868344,0.0172107995850433
2024-01-09,0.009056515256690071,0.022500193425054785,0.021823848543043287,0.021021370170967484
2024-01-10,0.009181708306365192,0.022158885567192844,0.020866188506659014,0.020972010794412254
2024-01-11,0.011643207508826149,0.02234231771786686,0.022903329224835216,0.021019182617564053
2024-01-12,0.014794984420934798,0.02045317450510772,0.02063989689453454,0.01750716798608153
2024-01-16,0.016334889209263005,0.020380564625914536,0.019642403986717877,0.017656362463531784
2024-01-17,0.016313171570511355,0.0193406659272535,0.01715561170840554,0.016193028840589905
2024-01-18,0.018582280667572535,0.019333373551227207,0.017371446350614574,0.016216891537315065
2024-01-19,0.01585325939560584,0.019615856131458147,0.015489332298346245,0.016588427180759507
2024-01-22,0.018269403009462296,0.019521574125845195,0.01772214579323771,0.016544694340493014
2024-01-23,0.016372142938049394,0.02012421335227781,0.015825709998425086,0.017175644429731005
2024-01-24,0.02251542045959055,0.020263287826342413,0.017591183668142992,0.017338060714681674
2024-01-25,0.019093117884410496,0.020332906103314445,0.016938972310389485,0.017414053682630784
2024-01-26,0.01663895491514949,0.02053131732629818,0.016228488268309443,0.017437462383065455
2024-01-29,0.01932527952040237,0.01999271558723116,0.014888361281011288,0.017003014271205277
2024-01-30,0.01750111203001555,0.018808622289622427,0.015383968617305998,0.016068646274829623
2024-01-31,0.017284823189793137,0.018898926554434158,0.013883313460857912,0.01598577935596068
2024-02-01,0.018608007591844663,0.019446139167599987,0.018782874889274253,0.016599170943212102
2024-02-02,0.010751551361786514,0.019381760676808524,0.022439627500454903,0.017212004099821012
2024-02-05,0.011750782067561137,0.01992606326617865,0.024660352143707112,0.017657170282889923
2024-02-06,0.011556814208875136,0.01931610464055911,0.024321157690403404,0.017010602241206433
2024-02-07,0.017227312412714222,0.01673400757619606,0.02155327934138987,0.01670076498647371
2024-02-08,0.013074768916870913,0.01620801621001676,0.018840826094773507,0.01627870329421204
2024-02-09,0.01382560100597839,0.017232490742271237,0.014250418077443858,0.016016645339083434
2024-02-12,0.016255576408901955,0.01721680577585616,0.011676932039998037,0.015961959353629155
2024-02-13,0.015580567973647551,0.017166220088888864,0.012234569485907239,0.015961959353629155
2024-02-14,0.012930077871879796,0.01721409591053636,0.01121935225887209,0.015961959353629155
2024-02-15,0.01690008505549946,0.017762191079906214,0.015070624664121552,0.016022232292570132
2024-02-16,0.01673313750639201,0.017625313942761903,0.015015817451475975,0.015961959353629155
2024-02-20,0.018000865543974082,0.01759982267956021,0.014593176213639166,0.015961959353629155
2024-02-21,0.01805690384854103,0.01730116043116637,0.016451617932265107,0.015990140287043823
2024-02-22,0.017648986645591204,0.017086327276587442,0.016076182982290126,0.016002665275857173
2024-02-23,0.011977235776405814,0.017071479171979587,0.015633599625433304,0.015961959353629155
2024-02-26,0.015537926051069604,0.017008096416898426,0.020109988456273376,0.01638629817219259
2024-02-27,0.013942273710968942,0.017215818490029542,0.01911816201823298,0.016155383846735302
2024-02-28,0.015173060241894716,0.017192632462036672,0.0173729543435287,0.01605735126131145
2024-02-29,0.015093077139530496,0.01698998409765235,0.01749424379488312,0.01605735126131145
2024-03-01,0.010872449415749951,0.01588637173042187,0.016168293023592156,0.01603340826654199
2024-03-04,0.009156983784581638,0.014965188295823396,0.012113935318098618,0.0157564483744228
2024-03-05,0.008822999931163686,0.014518144320556625,0.014240342006271705,0.01575373042784497
2024-03-06,0.015091890490908418,0.014737717665072607,0.015297796023074395,0.015809511297462008
2024-03-07,0.016677118228093698,0.01485197577823039,0.014625355877205981,0.015773187450177466
2024-03-08,0.014673608396058265,0.014890845590788793,0.015366677617921723,0.015773187450177466
2024-03-11,0.014662820873588145,0.01367796534348084,0.016445190826276025,0.01571952084485435
2024-03-12,0.011746169976675713,0.013586158949703227,0.0155017429431321,0.015601150728263326
2024-03-13,0.017520471122437375,0.013640391220834219,0.016033914281761135,0.01556400396567944
2024-03-14,0.016084661307283678,0.014716388860148045,0.01570789430266738,0.01573784212123616
2024-03-15,0.016225628203694015,0.014660555791521947,0.013657849719690255,0.015741727188975038
2024-03-18,0.014861148934428125,0.014267500336553123,0.012318862506707325,0.01565259668875814
2024-03-19,0.013557780487833071,0.014595334819668206,0.01058400212754547,0.015709635183448725
2024-03-20,0.00966284558969311,0.014225458489782263,0.010141838523205823,0.015640745970972335
2024-03-21,0.013031867674465306,0.015227347674852659,0.014624112576026737,0.016033308577987307
2024-03-22,0.011633161429272613,0.015296944393421797,0.015832513272001695,0.015809356811180716
2024-03-25,0.011791389959772946,0.013834905867170596,0.016219766425996388,0.015525750493471326
2024-03-26,0.010341790366615164,0.013933931764447412,0.016372447209734645,0.015549171569457813
2024-03-27,0.007675968349224401,0.013620165566837112,0.01663327421923724,0.015691339911439686
2024-03-28,0.006166682875810639,0.013601501407347717,0.014776583532487994,0.015529481552037476
2024-04-01,0.008991172443606005,0.014268966083484535,0.012865071543402714,0.015640745970972335
2024-04-02,0.010395394063136517,0.013618530561761315,0.012830191381996248,0.01547739368134758
2024-04-03,0.01157410656657794,0.013323247712609823,0.011085996345406504,0.015465248116406533
2024-04-04,0.011143409724206377,0.013051489785440415,0.00957760512279891,0.015483488688200068
2024-04-05,0.011877755241574594,0.013086558214646044,0.008983588409115837,0.015459492405473216
2024-04-08,0.01178964066841351,0.012984076459635167,0.00959545286847307,0.015483488688200068
2024-04-09,0.00985609797756317,0.012638410871380894,0.01098545105423467,0.015507740505712584
2024-04-10,0.015171189517868607,0.013285687180863431,0.013303749406728889,0.015569749002282822
2024-04-11,0.015216423739930747,0.013186199044742863,0.013123953368888965,0.015493319968628794
2024-04-12,0.01470656896806927,0.012761271888282109,0.015750038844407146,0.01563566246757536
2024-04-15,0.014679144364397115,0.012252651911129172,0.014882938684476887,0.015367050420317585
2024-04-16,0.01558860910816749,0.01225760617676965,0.01458401920696399,0.015391066438785222
2024-04-17,0.005430113529499349,0.011522590461132685,0.013946209526625532,0.014164258055785243
2024-04-18,0.006730210314494042,0.013564671447478062,0.0186426950502481,0.016265717446374648
2024-04-19,0.0065931986806511125,0.012612751301488711,0.01730979199315745,0.01584264971715281
2024-04-22,0.009868362608529765,0.012496667981020374,0.01726635347501664,0.015806246964372227
2024-04-23,0.009562798209684425,0.012449176481747273,0.0171763310816741,0.015824993942315912
2024-04-24,0.017779015089628824,0.012010882219340454,0.01573728639219185,0.015350412794390415
2024-04-25,0.015637888571203833,0.01207995563074444,0.013469580614123053,0.015247206043104629
2024-04-26,0.013440200386742112,0.012181295996960448,0.01319900405650242,0.015282703019522441
2024-04-29,0.015848570653748575,0.01117765348275313,0.012817998427890779,0.01222090155321046
2024-04-30,0.016375032076136994,0.011566006877437243,0.014727198644007252,0.014044643718877346
2024-05-01,0.00705114570707037,0.010899731240477085,0.015016197097390944,0.010966839662246385
2024-05-02,0.0071946109898590824,0.013260307670360506,0.021016891304401968,0.01869086415738941
2024-05-03,0.008002825022316388,0.012646872150958423,0.021483937313345376,0.018739792686853683
2024-05-06,0.009230872037155065,0.012558303929139033,0.022230325168506638,0.01875891085641019
2024-05-07,0.011663834442731872,0.012757815925643262,0.02122827720100567,0.018715776668386048
2024-05-08,0.011670467522768884,0.012593137776684225,0.019259248931062144,0.018488675610178452
2024-05-09,0.012197199134723629,0.012377907728536374,0.01606401521663105,0.017930935315272113
2024-05-10,0.010477194804577534,0.012281601435750529,0.014983773519700195,0.017582979367434623
2024-05-13,0.010234666829013857,0.012158618001130052,0.015617726260525024,0.01777697780636242
2024-05-14,0.007648520567898397,0.012639259877184316,0.015221345046457883,0.017914166727223204
2024-05-15,0.012754968897601977,0.012813070362051182,0.01690009082337823,0.018086890290518583
2024-05-16,0.011501127275113904,0.011349833297219268,0.015634177646248394,0.013717448184361967
2024-05-17,0.011708222632723638,0.011558574227781674,0.014914355869246134,0.014099777742135347
2024-05-20,0.018915854520048334,0.011798202448599618,0.013934525397714243,0.014925156201470391
2024-05-21,0.018987178131910445,0.011796595445235763,0.013855103102403687,0.014985045396039058
2024-05-22,0.01771998965656887,0.011688128404644216,0.013808939922666292,0.014583969636966234
2024-05-23,0.01815394872280331,0.012417886429116237,0.017173679246252342,0.017224975757918023
2024-05-24,0.02299884870601507,0.012124458206974744,0.018519389946935288,0.017957529852001594
2024-05-28,0.011358363565808192,0.012489597805146095,0.01880702866030807,0.018140935827894056
2024-05-29,0.016999512659992982,0.013945892143821177,0.01730444252004828,0.015585152378238022
2024-05-30,0.022264922511614455,0.013922875957516642,0.016623693185930988,0.015633400478477385
2024-05-31,0.02212346275710615,0.011888996016931023,0.01448465406154541,0.015174569937439925
2024-06-03,0.01651372281760765,0.012149019708284395,0.015860430138917338,0.015422683671160366
2024-06-04,0.012183586374793645,0.014388775356575874,0.02223120930227433,0.0173592537052231
2024-06-05,0.012364062656855577,0.014467933322448081,0.023256013212138084,0.018858105270946224
2024-06-06,0.01204093845827481,0.014827562087066398,0.02253628750346535,0.01694924917287092
2024-06-07,0.012390530545599852,0.015507888537086748,0.021036964153375977,0.016760967818415965
2024-06-10,0.010199550558762555,0.015459240064782243,0.019072687901294363,0.016411032553879972
2024-06-11,0.010458383137748202,0.01674147583974024,0.014150498442144792,0.01599535488363234
2024-06-12,0.01047212126817666,0.016543712487532086,0.01296643895544398,0.015985971907561115
2024-06-13,0.016016957622733728,0.01634052299380756,0.012725410731645969,0.015961959353629155
2024-06-14,0.015563567645137477,0.01624937244794102,0.013534498421692024,0.015938016358859695
2024-06-17,0.014257878841618693,0.016155177521127634,0.014581954821229055,0.01594874181061158
2024-06-18,0.011972268582342705,0.016882495664752067,0.014533312187153445,0.015961959353629155
2024-06-20,0.012593955760815272,0.017192301558618603,0.014000618133641968,0.015961959353629155
2024-06-21,0.008851883979027654,0.01714120302786142,0.013328010644034341,0.015961959353629155
2024-06-24,0.012433894138338534,0.016883402700425033,0.0144795853110436,0.01602527266355508
2024-06-25,0.01163313771995775,0.01678957067238562,0.014331727324010559,0.015961959353629155
2024-06-26,0.011840881451062027,0.01691384054554046,0.01692722691352424,0.016030846209271837
2024-06-27,0.0135168061903337,0.015872533054769863,0.017398908072696805,0.016001158177899
2024-06-28,0.014715365744073509,0.015889123225935498,0.0162011383026731,0.015978722281087713
2024-07-01,0.009984403825167229,0.01533057239296598,0.014955186320293992,0.015809356811180716
2024-07-02,0.011428479323399895,0.015573539357854764,0.013641976663025945,0.015938016358859695
2024-07-03,0.00957202066093137,0.012629927391714327,0.01143629840959256,0.015507740505712584
2024-07-05,0.009169809267220629,0.011929815922129298,0.009806476425261014,0.015343923441819528
2024-07-08,0.008219757234281425,0.012360033950749244,0.011331563702873193,0.015405603258298288
2024-07-09,0.009168931073399203,0.01238106713787213,0.013572101480656688,0.015506591205013189
2024-07-10,0.01511751613005268,0.012828863023108827,0.014894596546129672,0.015713765133921035
2024-07-11,0.014914708378615605,0.011467640774324885,0.014616790548967418,0.013700823513439136
2024-07-12,0.021360842756490146,0.011493993049811836,0.014421274171977343,0.013867144024082878
2024-07-15,0.021350867034620746,0.01156766731645261,0.013903971075477469,0.014083625566576208
2024-07-16,0.025460066976353883,0.011643908846968146,0.013449029536992655,0.014432860731941782
2024-07-17,0.020066180170435932,0.012168090220096489,0.01460356441673563,0.01535042057445281
2024-07-18,0.02187277177255604,0.01235348484983672,0.014552172541775911,0.015343991041192025
2024-07-19,0.01858397035787957,0.011923401956533807,0.014605494531519343,0.015278840954840733
2024-07-22,0.018961034103928513,0.01398817141711585,0.01861070403622628,0.016006054852780904
2024-07-23,0.013200816535208281,0.013472947063718195,0.017688380348976882,0.015932390988693514
2024-07-24,0.025182959836691894,0.015311713260843511,0.02350967405799869,0.01767937224793958
2024-07-25,0.026279160737410164,0.01541332240157147,0.023300430733677248,0.016637387017191876
2024-07-26,0.030020403396372127,0.01559514960897612,0.021967630201739897,0.016839975041953722
2024-07-29,0.029686794705356973,0.015576438874285956,0.02120244176875788,0.01743432711744526
2024-07-30,0.029767022750538285,0.01592124360384539,0.021044274663884605,0.0190268079429406
2024-07-31,0.024477012358442605,0.014849801688232727,0.02081099516630901,0.019093571587772508
2024-08-01,0.02434782692565296,0.018199427958606882,0.02102056134579588,0.01725772807888259
2024-08-02,0.012907981825157165,0.01820589337781072,0.02274433737182233,0.020035198379391283
2024-08-05,0.0153631285844072,0.019599811781503395,0.025277352582213034,0.02167922145704765
2024-08-06,0.023494795360342387,0.019583550131411383,0.024368189552940102,0.021608611868730292
2024-08-07,0.025444558358925395,0.019656793041288267,0.025968151334868513,0.02097158508019427
2024-08-08,0.025669817656636236,0.020776548655077377,0.025006265102814104,0.021608240457586983
2024-08-09,0.027718582470697178,0.02099644448725272,0.02135373554514745,0.021066235749784407
2024-08-12,0.0174222443553447,0.021180480871255358,0.01685725626464054,0.02075660604755623
2024-08-13,0.017425106874884765,0.023393129872755176,0.014379595046849998,0.02163612532113405
2024-08-14,0.01909679374120522,0.023668720692444273,0.018640728915633165,0.02168752195518938
2024-08-15,0.01898037869482591,0.02303112493267198,0.020943703314146845,0.02403326424028834
2024-08-16,0.02490186321463849,0.023409207690415955,0.020961954771561767,0.02415433227248244
2024-08-19,0.025093562759898266,0.022677661734458898,0.02446822106235439,0.021857891004025066
2024-08-20,0.02895471451664536,0.0235259898844184,0.027188179991831724,0.02447514806798854
2024-08-21,0.02513942136806698,0.0222573673264647,0.025172908602864405,0.02261175800309846
2024-08-22,0.02546674986241397,0.022906906829349174,0.02845785149657488,0.02447514806798854
2024-08-23,0.028413718006384734,0.023121539346219504,0.02741788436717653,0.02447514806798854
2024-08-26,0.02389014529780498,0.023788500990738974,0.024795115529763805,0.0219495658601337
2024-08-27,0.023697944002929357,0.024733436108125985,0.019626155449313,0.020956748358730577
2024-08-28,0.024895948417762204,0.025177776535818295,0.020390070012768248,0.02100429765322303
2024-08-29,0.01646056505675431,0.023391210832943765,0.020028682386755862,0.021857891004025066
2024-08-30,0.022543653361273733,0.02340081695344881,0.019825604384113665,0.020956748358730577
2024-09-03,0.02234144263595042,0.022959828160094474,0.024506638783502198,0.02102635106197237
2024-09-04,0.02755357442454637,0.025003904546539196,0.029349931739233826,0.023539173315994116
2024-09-05,0.030748316761883228,0.025174148842903265,0.029481812342171156,0.02519406547214997
2024-09-06,0.028702765434653287,0.024166157249782435,0.030919968050646687,0.024956579017795452
2024-09-09,0.02939375547757288,0.024121726107919083,0.03199097644179551,0.025518148769965145
2024-09-10,0.011985911645501918,0.024380311238535783,0.02860771443107183,0.02527421205520859
2024-09-11,0.013794905324863308,0.0232084227262137,0.029493521069685287,0.0302880356540939
2024-09-12,0.011881957386877954,0.02417390700669757,0.027368888886873548,0.0253060370373323
2024-09-13,0.010817303956473552,0.025063358544367115,0.02591222903692378,0.02418813898179891
2024-09-16,0.01534354942946553,0.02458873308589127,0.024745306486529298,0.024343764092595945
2024-09-17,0.015638176207651004,0.025109452376153793,0.021453145586368298,0.02425021015078624
2024-09-18,0.020056006429766855,0.02472437817147616,0.016692958122901703,0.021857891004025066
2024-09-19,0.019812651095192917,0.024722199181951076,0.018980183466579377,0.021857891004025066
2024-09-20,0.021261608969821825,0.024150754177567214,0.017199592381536254,0.020956748358730577
2024-09-23,0.020628658372238783,0.023895258503098624,0.01826210600647631,0.021051025209629818
2024-09-24,0.022813357888802458,0.023552407373552502,0.021606532166323782,0.0237061262787023
2024-09-25,0.019419267605869775,0.02241015313194946,0.021524448738426214,0.023611819225749855
2024-09-26,0.02067517471228726,0.02249954142664541,0.024619680068639488,0.023628783988156047
2024-09-27,0.020507346925082704,0.023125757183794594,0.027308073458231837,0.02476862684577252
2024-09-30,0.01916036800450826,0.022669499642227663,0.026743130070247017,0.024567701416297615
2024-10-01,0.037572500593611516,0.02183063915884754,0.02574562796575289,0.023808308368209703
2024-10-02,0.038119834002039575,0.020427376236126345,0.021857504498748518,0.01782083817572848
2024-10-03,0.03441365590252632,0.02009252221834327,0.018453203007830495,0.017255167147264487
2024-10-04,0.03458416794010246,0.022937000878050885,0.014275532727546301,0.021022140130481617
2024-10-07,0.030241088684747324,0.02220335314893586,0.012627153693644198,0.020930085268775843
2024-10-08,0.02949505689287618,0.023214064314370435,0.010765514936661023,0.020937253713184157
2024-10-09,0.029563974315619607,0.023601271287546452,0.016899717341067953,0.02499719446569229
2024-10-10,0.020000560453944643,0.023315593786047233,0.01918364147434173,0.025618813834828856
2024-10-11,0.01923459906824174,0.02391395765422701,0.02034492606966676,0.023724513206828862
2024-10-14,0.02468114755512443,0.023897685583382542,0.02233227125566064,0.02430153652147739
2024-10-15,0.017255436152297614,0.024366931693916374,0.023954322584060776,0.021826847826203682
2024-10-16,0.020056626736738338,0.026354639027391585,0.026594560194714286,0.021833973750598104
2024-10-17,0.02035645565324086,0.02634737881419114,0.028809556919563616,0.021358568986358333
2024-10-18,0.019203083513593632,0.0261371601050029,0.029243371196673446,0.02204725794022764
2024-10-21,0.035168847531258964,0.026509566654144445,0.03037242662799646,0.023054893131324604
2024-10-22,0.03136995962406039,0.026475578035931188,0.025201875801503352,0.02180441694611369
2024-10-23,0.034678034619080964,0.026650554924134196,0.021525479670873662,0.020956748358730577
2024-10-24,0.0353130052947088,0.026283922761423786,0.0228775000714401,0.020956748358730577
2024-10-25,0.0328732279118733,0.025416084426723853,0.021273904071549905,0.020989142972879616
2024-10-28,0.012511015561908319,0.025806381597228104,0.019502500664314165,0.020956748358730577
2024-10-29,0.010280248560334824,0.029718427751821604,0.030352713164269036,0.02368189720265784
2024-10-30,0.011974461134706476,0.029147287745725378,0.030633509625042493,0.023552874665378996
2024-10-31,0.01197288227899569,0.029559844916417524,0.029456978808905618,0.02436592520199746
2024-11-01,0.020513551255198968,0.027143280217812146,0.028581330512091087,0.02681203428379691
2024-11-04,0.019911385999530608,0.027038144597012946,0.026730239712970626,0.02494938055144973
2024-11-05,0.018760349935217784,0.026449353074991532,0.019309530431822975,0.023644216016238388
2024-11-06,0.019927607847324717,0.024459315477148007,0.01671659127891486,0.021475373940959327
2024-11-07,0.018786888674463,0.024457073570945297,0.018146958593448725,0.021475373940959327
2024-11-08,0.018132927659879196,0.023098385277826865,0.0180494987538955,0.021857891004025066
2024-11-11,0.019906684749850738,0.023787460501298426,0.022083329742000526,0.023644216016238388
2024-11-12,0.019873462210872106,0.024361935963230913,0.026909543269585657,0.024307412066314503
2024-11-13,0.020468326412572953,0.022386406185969213,0.02571749347354118,0.022759436653857313
2024-11-14,0.021797288630285214,0.022429156448660136,0.026024575471743232,0.022342024980333944
2024-11-15,0.014861024190351528,0.022428752144744223,0.024865342214437633,0.022389574274826397
2024-11-18,0.020713383660876012,0.02262847881224233,0.02426332219690673,0.02248259851311395
2024-11-19,0.0205983613289475,0.023374884173357806,0.020791495452505485,0.021364793378165804
2024-11-20,0.02034869581197226,0.02280279473844576,0.020984692276288977,0.021857891004025066
2024-11-21,0.017817026223034212,0.02251347257873411,0.02123457620389855,0.021644167855515543
2024-11-22,0.014056480186058021,0.02284140275783379,0.01868558286211174,0.02100429765322303
2024-11-25,0.014044816495064175,0.02255818921102016,0.016910897328351833,0.02100739000887779
2024-11-26,0.017542972193610482,0.018807473976330077,0.018956566536651932,0.016329672200023754
2024-11-27,0.017589248442082272,0.018806891543734324,0.01876064227697349,0.0162361407487965
2024-11-29,0.01850489216760769,0.01824104529482831,0.019723872474516246,0.016069097716189085
2024-12-02,0.02055714830457849,0.018248687705581784,0.021690455291944168,0.016528350308559262
2024-12-03,0.015141586757198847,0.018230810765912472,0.02124534766392393,0.016664229770254224
2024-12-04,0.016251722843324032,0.018112723740914934,0.01771484438833766,0.01602667782978913
2024-12-05,0.01629722083120158,0.018485378796481718,0.01981682776679023,0.016512085827663156
2024-12-06,0.011698664282728392,0.018482709468228206,0.019463141011014373,0.016341918510762127
2024-12-09,0.014034623537720314,0.01851225384703408,0.021028444796653802,0.01865576661614583
2024-12-10,0.015746332923716744,0.01816767670690084,0.01980397895857926,0.016123623169384295
2024-12-11,0.011531491506306729,0.016506684073199863,0.018403172931425103,0.016074334452083023
2024-12-12,0.012358803425455712,0.017364579345535078,0.01563062763774322,0.015961959353629155
2024-12-13,0.006978464723869805,0.01739030105206704,0.015029994608604692,0.015961959353629155
2024-12-16,0.006802727697036421,0.01778753988603322,0.012975416766078354,0.015961959353629155
2024-12-17,0.009295752271001266,0.01684316747111309,0.01420410111488288,0.015961959353629155
2024-12-18,0.008729484008271208,0.015588780845391063,0.015401507038091008,0.0159540279369582
2024-12-19,0.010337417491063688,0.015645727010151458,0.01568721602348775,0.015978722281087713
2024-12-20,0.009225550778846526,0.01570887375297431,0.017022261209045816,0.016006903214502377
2024-12-23,0.008401016710932466,0.01525911412473598,0.017794393892946445,0.01604734329584601
2024-12-24,0.00998157651594831,0.014756741139920503,0.01734588106265391,0.015876535735097813
2024-12-26,0.005133947821306041,0.013057473655979016,0.015337967911436216,0.015473830240990107
2024-12-27,0.00913048978358651,0.013152833002346879,0.01552878421583035,0.015613237245094008
2024-12-30,0.009006574382991376,0.013480838735779033,0.014054222205556417,0.015493319968628794
2024-12-31,0.013081428217694226,0.013211194187547315,0.012507749886710193,0.01547739368134758
2025-01-02,0.010561109428630375,0.013332086824077034,0.01174722611996828,0.015465248116406533
2025-01-03,0.01831598894984382,0.012732184842150208,0.010794570409217124,0.015445758388767852
2025-01-06,0.018959193416735128,0.011716882743905288,0.008261586143310962,0.014605257869443167
2025-01-07,0.023573386537516356,0.011787415275103404,0.009703551316921345,0.014818715473026984
2025-01-08,0.021982716900725997,0.010860435030179407,0.008656118086984625,0.01271023852986301
2025-01-09,0.02701553368423694,0.011133907438435446,0.012105178076238008,0.013116272682213206
2025-01-10,0.02502275738704416,0.011181950992070165,0.012201879620725197,0.013077467591438132
2025-01-13,0.022947387411755983,0.012419690894712445,0.011895172220818612,0.015490399233178078
2025-01-14,0.022351279672613127,0.01341655844483043,0.009790207136617652,0.015520858504622292
2025-01-15,0.007740206955048369,0.014019098326591458,0.011738815826592437,0.01590086141500309
2025-01-16,0.009739809521538077,0.015023051080974341,0.008642838359561221,0.01603205862322615
2025-01-17,0.010643513169097951,0.015559528454524114,0.012649988333320341,0.01621638951072439
2025-01-21,0.0108124074885791,0.015959414167036726,0.015708079773723266,0.01618125713421313
2025-01-22,0.011719530975054591,0.017115545297495278,0.019224827442963405,0.017138728349752597
2025-01-23,0.012154060212466228,0.017099339335971867,0.019987628949488554,0.016596468237108187
2025-01-24,0.011855992455720925,0.017359652826181224,0.020779682287840058,0.016674259934434103
2025-01-27,0.009977726855291903,0.01725214424179349,0.020324770162849698,0.0166176207513982
2025-01-28,0.009063942707626296,0.017902054344069766,0.021005297507839974,0.016816777262136033
2025-01-29,0.011900540393146662,0.017752250263499195,0.018604346990299146,0.01640400486009349
2025-01-30,0.011427698075107524,0.018173005478901123,0.020494838242529036,0.016668398149736936
2025-01-31,0.012542277184250819,0.01804747882519214,0.019404474792200397,0.016250108850412667
2025-02-03,0.015475812193342521,0.017507058691307108,0.019211537695080282,0.016392133846921304
2025-02-04,0.016726134346345983,0.017424053429025244,0.017646928893976056,0.01602667782978913
2025-02-05,0.01813475345708852,0.017438206357652437,0.017982050896183936,0.016117451685163132
2025-02-06,0.017802759974956728,0.017975490973518065,0.019916515483116477,0.016621529645478885
2025-02-07,0.01811820674917786,0.01783389766763074,0.020269264126400916,0.016458530313288703
2025-02-10,0.017395023786512198,0.017765324392114312,0.02039916513605489,0.01617056104935046
2025-02-11,0.015951958451627016,0.01624393243084875,0.019535650530276023,0.016916474636418943
2025-02-12,0.008637083167133706,0.014981930128150862,0.016775321506311065,0.018378897763656855
2025-02-13,0.01762672803411697,0.015607357342805562,0.01786219742720152,0.018769297961864804
2025-02-14,0.017552810784769772,0.013096483535535887,0.01687539111369614,0.018283611327693298
2025-02-18,0.01794867056939546,0.012833870411998878,0.018663111496557555,0.018295697844523978
2025-02-19,0.016514680685503047,0.013588898156519062,0.018730571539511985,0.018080291364260186
2025-02-20,0.022526334014523645,0.012718118503052538,0.016646743450886306,0.015801795977823198
2025-02-21,0.018408004712363965,0.012779509669054868,0.01403703067880592,0.015522101091739886
2025-02-24,0.019586326390196862,0.014162499782592949,0.017872572132179007,0.016544580178650677
2025-02-25,0.01658149576867816,0.014234299092313432,0.017895751430440133,0.016238266491770147
2025-02-26,0.020640115300536173,0.01461158195544918,0.021312651838617355,0.01735597887205577
2025-02-27,0.012623042569697604,0.014375423742437915,0.02149262117466688,0.018804237183330623
2025-02-28,0.01609238943814202,0.015408336079511755,0.02002533298980312,0.0165122742162202
2025-03-03,0.015289013632882603,0.015463146638344898,0.01905513502937509,0.016120420626677998
2025-03-04,0.015869616339191265,0.015981969483217465,0.020208699793033625,0.01750472947079771
2025-03-05,0.013401661397407156,0.015752995914856856,0.018741734728494292,0.01854454561670412
2025-03-06,0.01645710142657087,0.016752561796589217,0.023197004598611213,0.0196548817203637
2025-03-07,0.0163473652127139,0.01619744365947373,0.021992249703146095,0.018997219149215084
2025-03-10,0.013846850716634497,0.01646402429774668,0.021208303661068264,0.016981717031977844
2025-03-11,0.015384749127402954,0.016577701770272353,0.02124894087280526,0.019009388504531245
2025-03-12,0.011323964358886626,0.015848603565702148,0.019831151117775288,0.01899825211560287
2025-03-13,0.009702337556091928,0.01638960554998379,0.01754264676962546,0.01866757438568931
2025-03-14,0.009537144904623483,0.0157889247070133,0.018520362794655944,0.018535225360410534
2025-03-17,0.010333102292440884,0.016046307056697216,0.017244839408096686,0.016902469974508585
2025-03-18,0.007689896061889017,0.016123431516204472,0.016243292114536775,0.01618788831496738
2025-03-19,0.007671344489336303,0.01564214464589073,0.017849333543950144,0.01851780592200118
2025-03-20,0.005831547839286874,0.015595208867558292,0.01767346470074368,0.0185280724634963
2025-03-21,0.008167235776801613,0.016132366904682963,0.01634191984790507,0.016902968652170548
2025-03-24,0.014570124877906716,0.01480392062778399,0.015354290560781064,0.01577353924143944
2025-03-25,0.014936423888831735,0.01506608023858991,0.014458951759654327,0.01579266344288465
2025-03-26,0.014853626676258851,0.013951564923456465,0.013118647027854981,0.015485592124418386
2025-03-27,0.03666800831104932,0.014057825557569237,0.012529012673819067,0.015524216942249553
2025-03-28,0.04767393862655174,0.012894450582499781,0.012853776562028497,0.015469754671494704
2025-03-31,0.03809913803187044,0.012882118619576376,0.013953842351544805,0.015506164030247897
2025-04-01,0.03582337814428701,0.013682717430301675,0.012477216487038586,0.015465248116406533
2025-04-02,0.04894900656430223,0.013726578039211429,0.013330924121679672,0.015497678641249067
2025-04-03,0.04420175094291632,0.011637776997210171,0.011372362828608944,0.014645725168293384
2025-04-04,0.03457927999322578,0.019990538473863312,0.023865465123700885,0.020185431618170182
2025-04-07,0.03285047579762625,0.02626880074510907,0.0360724268903779,0.03085224014086472
2025-04-08,0.031022772541586332,0.02643285768436769,0.03878744777503251,0.03452279718185923
2025-04-09,0.023930061549829046,0.026558940269429416,0.041690911765717195,0.06428223085247975
2025-04-10,0.015958646260204736,0.028319466851177193,0.038547444388152906,0.03274068765176371
2025-04-11,0.022679295890580577,0.029158234206350848,0.03524159244263359,0.031048514099322015
2025-04-14,0.02328211744786481,0.02969416322572075,0.02801858613187117,0.025798654785016768
2025-04-15,0.02975326826096351,0.029619072809821744,0.026299624343024762,0.024208787599930726
2025-04-16,0.028775158204557613,0.029592661865258243,0.026882552568567204,0.02408206841766767
2025-04-17,0.02228667914983196,0.029981356089176917,0.02458654042547161,0.024138049999101963
2025-04-21,0.020499826556875534,0.030899139201458013,0.020681860486207227,0.022895095052742634
2025-04-22,0.017974078048886632,0.031287362348761553,0.025105441743049906,0.02403326424028834
2025-04-23,0.019436748433342282,0.03152331509988657,0.023277373940595966,0.02403326424028834
2025-04-24,0.02225635085046848,0.03215891650299585,0.028693998436826677,0.024161765684509576
2025-04-25,0.020550629406851453,0.0321346095993865,0.029070272723917382,0.024139334804419585
2025-04-28,0.020647723164700142,0.032131491038782885,0.02981493433033918,0.023897631843871565
2025-04-29,0.029156351168410918,0.03220964471868946,0.03009266112395446,0.023699162178790232
2025-04-30,0.024560966776042175,0.03138996910921846,0.03172402437807172,0.026863178058026654
2025-05-01,0.027632690568481468,0.032018434877615,0.0347174725281578,0.02949575697938305
2025-05-02,0.026154497777841356,0.03239497973980364,0.03501050582246088,0.029792623999405105
2025-05-05,0.0204195007403593,0.029333343479133675,0.03285829953165037,0.024840351394150226
2025-05-06,0.019219163672855522,0.024552548116646145,0.029222964467692465,0.024605957763812733
2025-05-07,0.01540707116764425,0.02559452149159767,0.024560943279297493,0.021929147654182433
2025-05-08,0.02136698114784904,0.025552882821474908,0.02484285077334706,0.02168752195518938
2025-05-09,0.02080144706228631,0.02435188270472212,0.02233829516307486,0.021857891004025066
2025-05-12,0.019983442500113628,0.023264918161658623,0.017857731217476133,0.020956748358730577
2025-05-13,0.014300465227139588,0.022905775521441445,0.015926519095467807,0.020956748358730577
2025-05-14,0.015318851663470082,0.023689635310957486,0.01431365255301085,0.020956748358730577
2025-05-15,0.011096226556700605,0.02376985167397916,0.015283638850375612,0.020956748358730577
2025-05-16,0.008459894415339874,0.02409502373052841,0.01992607637925753,0.021051025209629818
2025-05-19,0.008117656950805652,0.022905768969854263,0.02020151318282406,0.021818620929594013
2025-05-20,0.012667859568842341,0.022253335269999817,0.021744828703719885,0.021000221564469478
2025-05-21,0.012329132939222628,0.021769432300102136,0.021513605153433812,0.021742374568222127
2025-05-22,0.01214384408942753,0.020839301550559776,0.02109109478457852,0.0180986379604233
2025-05-23,0.018072667721420205,0.020764246968882273,0.020581842774143856,0.017848009923008657
2025-05-27,0.016725814110853294,0.020789347441751257,0.02088952477201503,0.018204708162077123
2025-05-28,0.017567273547407444,0.020636294023544242,0.021675686970118214,0.018017006873406637
2025-05-29,0.01444048125137895,0.020017272617018335,0.018919579051106583,0.01725335410147602
2025-05-30,0.013784106093577463,0.018297954117429547,0.017579413662904636,0.01614421652956991
2025-06-02,0.01058061679501545,0.017964277458082586,0.018019577862129786,0.016044205851816606
2025-06-03,0.011477107448367522,0.01841856889981441,0.016238408794250883,0.016016645339083434
2025-06-04,0.01953011931006447,0.01768573825886319,0.014200080989812836,0.015994051359155464
2025-06-05,0.020977025179770684,0.016602640918107214,0.014584277421108557,0.016032656917181937
2025-06-06,0.03292277651892051,0.01591234775057032,0.012003527307085322,0.015938016358859695
2025-06-09,0.037733413158407156,0.015035459335576986,0.011666347150097853,0.0157564483744228
2025-06-10,0.03614655892316156,0.014744732649189265,0.012034883544600415,0.015709635183448725
2025-06-11,0.03556103519293465,0.014580664999908613,0.012968125208473121,0.015709635183448725
2025-06-12,0.035740408486076625,0.016922319053214927,0.01102090070982469,0.016028391793961067
2025-06-13,0.048172628306729554,0.01674789306098846,0.01226501025593011,0.016028391793961067
2025-06-16,0.05319504891230355,0.02113500869588023,0.010478866142072399,0.019043758948388292
2025-06-17,0.04461258265125571,0.021816098829701928,0.013033237771447105,0.026545966201488014
2025-06-18,0.044780747084348364,0.02314322113705714,0.010427262663938048,0.024526530700033224
2025-06-20,0.045885513402633755,0.023031752769601094,0.012342825186515246,0.02488162638088305
2025-06-23,0.029670668344346663,0.022457579305220594,0.014168906137806109,0.02501042411409119
2025-06-24,0.00561392412799913,0.03150729261375145,0.030304755738804243,0.024818622875604476
2025-06-25,0.013441953824805807,0.034983152148615436,0.03896314570811156,0.026270482087855568
2025-06-26,0.014949677771403517,0.03487730821081037,0.04107660780514679,0.02590134032131192
2025-06-27,0.016041976722745915,0.034761390556016354,0.04138235316528138,0.025107088877299004
2025-06-30,0.01678671804027862,0.034521393829753375,0.03772531185150946,0.025398847008986234
2025-07-01,0.016757011551156387,0.03456727918701954,0.02887431374618689,0.021852336004726247
2025-07-02,0.011737554283538301,0.03408465737347225,0.02403310750893143,0.02097850121222584
2025-07-03,0.017713954588419786,0.03456029452208989,0.023148933513547614,0.02097850121222584
2025-07-04,0.02130640481501903,0.03452405985043794,0.023867926251540494,0.02097850121222584
2025-07-07,0.022146550598532096,0.03458226817745213,0.02336503843714992,0.02097850121222584
2025-07-08,0.02162421036958875,0.03464555839966755,0.02235155172475038,0.02097850121222584
2025-07-09,0.02146066148967522,0.03459937532347003,0.024256818754826073,0.02097850121222584
2025-07-10,0.01973005475175363,0.03456238206280825,0.024241189460186677,0.02097850121222584
2025-07-11,0.013952559855431954,0.03344282726345075,0.02678825894342767,0.021690272788778348
2025-07-14,0.009526775023421745,0.03406551184778448,0.02554158703378545,0.02097850121222584
2025-07-15,0.01154997515189982,0.03012365020599473,0.028340930514138565,0.023661180778644573
2025-07-16,0.013113848355027038,0.029990088777249495,0.02865043092478181,0.023812101149233447
2025-07-17,0.011019075730769183,0.028011046223150173,0.027438081530666573,0.023934273262605464
2025-07-18,0.011602336298603015,0.02841685141719868,0.026054877661025704,0.02368219741638404
2025-07-21,0.01797694212943393,0.028416092546873443,0.026304542082649318,0.023699162178790232
2025-07-22,0.02260483445634757,0.020357863450519566,0.018529281924130725,0.017550650170715408
2025-07-23,0.01847029139494848,0.014847161045668925,0.01567641191151729,0.015801368383592137
2025-07-24,0.021608589085404934,0.015161741618632676,0.017758893415470593,0.01590920692082123
2025-07-25,0.02613454281617007,0.015353317404552444,0.01820411603952831,0.01594176056216733
2025-07-28,0.02563385267766814,0.015630711239817078,0.01907975990124841,0.01658045337376123
2025-07-29,0.014587802927111189,0.01642748572507184,0.017434015575141435,0.016079787158122735
2025-07-30,0.006883864455709675,0.018248654933214023,0.014850980258072834,0.016177019195567924
2025-07-31,0.0077323584193353286,0.01722485560687038,0.01296147724432504,0.016016645339083434
2025-08-01,0.0069785653263128595,0.017349624859758047,0.013373603342973118,0.016081792415317785
2025-08-04,0.00792662089856067,0.018509067816324134,0.016963480764514476,0.01642575043421202
2025-08-05,0.006592401294997019,0.018175494319031364,0.021008643145685915,0.016303218428585727
2025-08-06,0.005803678293492722,0.018431659152484417,0.02405141745076008,0.01700014829147218
2025-08-07,0.012769981243785214,0.01855159583513012,0.024966627213492097,0.01765217077560011
2025-08-08,0.015243413896102093,0.017729811030110686,0.023203094157658286,0.016741929483598806
2025-08-11,0.016341409060018457,0.01629228351593864,0.021550442670387845,0.01904580303138862
2025-08-12,0.017200771730154347,0.01573780823525033,0.01975484390351321,0.016802144396454246
2025-08-13,0.018173519912134582,0.015870840035449155,0.01907789405203202,0.01676720859005915
2025-08-14,0.015191287217355012,0.015920774488819435,0.018584765567460606,0.017164020189486266
2025-08-15,0.011889974159334505,0.01616199190160683,0.017742275097893386,0.01656788950176066
2025-08-18,0.013493783503340592,0.016533692272639747,0.0199957310535917,0.018574134410429637
2025-08-19,0.01640538632728068,0.01679926605255059,0.018631394318456354,0.016921499609831768
2025-08-20,0.016477360930713145,0.01688743508074485,0.019400496286389197,0.017130949388461623
2025-08-21,0.016565588231432622,0.017049192694379732,0.018540906983205038,0.01611187671450666
2025-08-22,0.017520313307160237,0.016828706572358913,0.01840615280243114,0.016098731305011823
2025-08-25,0.01926153734916367,0.016635105932576232,0.01685787868568254,0.01602667782978913
2025-08-26,0.019538857259173967,0.016230408094035177,0.01529988067883696,0.01599254181205491
2025-08-27,0.018642313292410038,0.014279994130026211,0.01707486027232299,0.018479292465222442
2025-08-28,0.020312504257841486,0.014454819294377343,0.017046087519595035,0.018547125847722678
2025-08-29,0.021359415918838474,0.014589190113831547,0.016578892657619568,0.01830235926057065
2025-09-02,0.01575295439780159,0.013463860372168818,0.017259182428910405,0.015886010818969884
2025-09-03,0.01628251311042909,0.014361303182401244,0.0150669107086682,0.01578336374597098
2025-09-04,0.018500649343124575,0.014933506081682167,0.01711253425730804,0.016086445658745886
2025-09-05,0.013810333582684782,0.014774724421027733,0.017825404562518174,0.015900708821288828
2025-09-08,0.014115308694891601,0.015747894408100857,0.02093307389805131,0.016861136516745524
2025-09-09,0.015846026750019265,0.015843857030104123,0.02141415759971917,0.016420677643598888
2025-09-10,0.01546214035321662,0.015917524606339283,0.020397319674263344,0.01657628499427852
2025-09-11,0.011421300879706173,0.016140369796503264,0.01783263386412983,0.015978722281087713
2025-09-12,0.013847512844383007,0.016715987183943848,0.01843984356785869,0.016318292433586477
2025-09-15,0.012764085610563435,0.016039248271728902,0.016150518920374595,0.01600273483501967
2025-09-16,0.009978398301059583,0.015666986747860483,0.016043671354847223,0.015938016358859695
2025-09-17,0.015559071385462548,0.016091683992055687,0.015314810077303027,0.015938016358859695
2025-09-18,0.014645597152147343,0.015664961140305873,0.015292494327655615,0.015978722281087713
2025-09-19,0.010429001346920815,0.015501997062366133,0.014420196392231938,0.01592633595632358
2025-09-22,0.022835524258383918,0.01578395514531327,0.017219101405705692,0.016030915768434337
2025-09-23,0.02350335236062123,0.015769571140737522,0.018493201960833573,0.01607440401124552
2025-09-24,0.017576724321291422,0.015472685670202508,0.018223725386370803,0.016025386174390137
2025-09-25,0.01711057790204865,0.015483358167573496,0.015321102622166209,0.01595474925174574
2025-09-26,0.015378597159958925,0.015189867950570255,0.01443643524058845,0.0157686508889527
2025-09-29,0.014976974815030927,0.015315562818366954,0.012201706490041457,0.0157686508889527
2025-09-30,0.01360065590698068,0.017197144928378576,0.01798276702392027,0.01649316694540011
2025-10-01,0.014268000011652078,0.01653770498017734,0.020704074749841497,0.016766282365375324
2025-10-02,0.012417595248778565,0.01577362468415545,0.02168298183022796,0.016689664812410715
2025-10-03,0.02393582940994555,0.01632560096822296,0.02426267639058,0.01710923912258609
2025-10-06,0.02329835702959779,0.015477761641306436,0.022049352747702127,0.016593062841363644
2025-10-07,0.022949173472975204,0.015720665892479637,0.019309324047811986,0.016326785535869668
2025-10-08,0.019290162418480004,0.015651992997398008,0.018001991116800474,0.01607440401124552
2025-10-09,0.019236869452460077,0.015478932869111096,0.015427916836714888,0.015991054432483554
2025-10-10,0.010257474292718219,0.015241934324791255,0.015551243079650456,0.01585597675281058
2025-10-13,0.007141017557862957,0.017892943154278203,0.022195104300726465,0.018712520953388524
2025-10-14,0.007640291791377157,0.01790373698015588,0.022555560812060095,0.018419399346019428
2025-10-15,0.009469307115491534,0.017245069746123103,0.02494015278337515,0.019867399731324065
2025-10-16,0.022933886847634782,0.017245397368939736,0.024695905851372848,0.01957188506645718
2025-10-17,0.023946628715771755,0.01736101776620892,0.02386600895728328,0.01985342860759573
2025-10-20,0.024366108013538137,0.017281538100339576,0.021062209554812347,0.01881307984077958
2025-10-21,0.0283497327239092,0.017284882741040425,0.020735250010473345,0.019275903317837344
2025-10-22,0.02827819793840556,0.0170016808282546,0.019638586080353463,0.019061900412127946
2025-10-23,0.009343226669484773,0.016051676039164745,0.017585215603188004,0.019003886682960693
2025-10-24,0.010460389101820297,0.020920754312285732,0.01607560816974268,0.0185437164804141
2025-10-27,0.010490820001508493,0.02066812729343932,0.01693044047381392,0.020357646236794022
2025-10-28,0.00580267946367568,0.01926491096466712,0.014988523074924744,0.01645141514978792
2025-10-29,0.00903249227866694,0.019351201875529415,0.017671095809362027,0.016514728459713843
2025-10-30,0.008704220283587003,0.01932760467983932,0.019698472452757555,0.01642090225052466
2025-10-31,0.008299722407571946,0.018736400821073307,0.01950101815338584,0.01612801235329619
2025-11-03,0.009372128280821946,0.01873925570578111,0.018735413836365997,0.016056182608957553
2025-11-04,0.011679782153814336,0.0184866323954994,0.017863751518935142,0.016013390727609055
2025-11-05,0.022655858103557004,0.018560010453133307,0.017391304878094895,0.01603865458693008
2025-11-06,0.022890670830467003,0.018535612088395628,0.020108929664499623,0.01644076053616154
2025-11-07,0.02572835243004851,0.018227190946965968,0.01969215953798776,0.01617056104935046
2025-11-10,0.02559469115160194,0.01540702511897512,0.017587612161138282,0.01590307944689451
2025-11-11,0.02540610782665341,0.015313460790270104,0.01689433973406921,0.015881025987406566
2025-11-12,0.01718912325862176,0.015272546283145522,0.014805657088665113,0.015809356811180716
2025-11-13,0.01757883822692049,0.018172317868222158,0.020091072200435607,0.01656784991959716
2025-11-14,0.014101997571008117,0.017871482095402666,0.01934661487892194,0.01636094814807183
2025-11-17,0.016850872622320243,0.018567973089843228,0.01916873809133899,0.01622970187493689
2025-11-18,0.014155714549903891,0.018596337676110464,0.020076764416851387,0.01622970187493689
2025-11-19,0.014866369220103972,0.01877064462233309,0.017633400813239358,0.016241545120127467
2025-11-20,0.014807459918777539,0.01937774074200094,0.017440760263159417,0.016435092549696554
2025-11-21,0.012609348131923766,0.01465922896309518,0.01738917374525229,0.016004469665418533
2025-11-24,0.013045056138584315,0.015097807862868731,0.02003822278136509,0.017276277048692543
2025-11-25,0.010246598640560213,0.015526813167693367,0.019984379225857364,0.016144057077959056
2025-11-26,0.010274526877327042,0.015326473295748464,0.0199586243727489,0.016477197977261472
2025-11-28,0.009907212914347725,0.015558997641567618,0.018359067726428605,0.016104916910508776
2025-12-01,0.013701817069195685,0.015542716658320509,0.017976101574973494,0.016104916910508776
2025-12-02,0.013564035695457981,0.015785696750651897,0.01609844945075878,0.01599254181205491
2025-12-03,0.013379591239086629,0.015932698279515232,0.017411424116667032,0.016061428667697594
2025-12-04,0.011757334411965368,0.015945356141654498,0.015722653679307124,0.01597620147800889
2025-12-05,0.009476935587422216,0.01582653914186382,0.015186456805743776,0.015938016358859695
2025-12-08,0.007419002676466551,0.015881123830333847,0.014725175875880313,0.015938016358859695
2025-12-09,0.011953385849593157,0.016488219842888795,0.01757735014218609,0.016219281043501444
2025-12-10,0.014722435451644547,0.01654531750713691,0.01791098744836988,0.016107807559278337
2025-12-11,0.015163326463096233,0.01613387052235704,0.018965042483588025,0.016235945948881537
2025-12-12,0.016479856984870297,0.013427852393157533,0.01873871712716974,0.016170801166171023
2025-12-15,0.019199521387099915,0.013397769879362332,0.01838735365362174,0.01613053371592568
2025-12-16,0.007689287021317046,0.012224153063916828,0.017523802657777365,0.016267817750977114
2025-12-17,0.009153055756650316,0.013429666971810628,0.02088364221556438,0.0185877094763538
2025-12-18,0.01895995517965341,0.013315426489077964,0.020198030457150906,0.018527292020798277
2025-12-19,0.021215105157199557,0.012755625823447043,0.0188171851619029,0.016193023638683218
2025-12-22,0.018528459167755303,0.013013997084090841,0.01721193328207643,0.01575495511953915
2025-12-23,0.01845561705548915,0.01361966853917313,0.013971159756685536,0.015520858504622292
